name,price,color,visual,functional,box
Alcatel 2008G,47.04,Black,Grade B,Working,Unboxed
Alcatel 2038X,56.448,Black,Grade C,Working,Unboxed
Alcatel 2038X,70.55999999999999,Grey,Grade B,Working,Unboxed
Alcatel 2051D,47.04,Silver,Grade B,Working,Unboxed
Alcatel Idol 5s 6060X,411.59999999999997,Grey,Brand New,Working,Boxed
Alcatel Idol 5s 6060X,376.32,Grey,Grade A+,Working,Boxed
Alcatel Idol Alpha 6032X,211.68,Grey,Grade A+,Working,Boxed
Alcatel Idol Alpha 6032X,188.16,Grey,Grade A,Working,Boxed
Alcatel Idol Alpha 6032X,235.2,Gold,Brand New,Working,Boxed
Alcatel Idol Alpha 6032X,211.68,Gold,Grade A+,Working,Boxed
Alcatel One touch 1050D,47.04,Black,Grade A,Working,Unboxed
Alcatel One touch 1050D,39.984,Black,Grade B,Working,Unboxed
Alcatel One touch 1050D,32.928,Black,Grade C,Working,Unboxed
Alcatel One Touch 2045X,70.55999999999999,Black,Brand New,Working,Boxed
Alcatel One Touch 2045X,39.984,Black,Grade B,Working,Unboxed
Alcatel One Touch 2050X,51.74399999999999,Silver,Grade A,Working,Unboxed
Alcatel One Touch 2050X,42.336,Silver,Grade B,Working,Unboxed
Alcatel One Touch 5050X,117.6,White,Grade A+,Working,Boxed
Alcatel One Touch 5050X,105.84,White,Grade A+,Working,Unboxed
Alcatel One Touch 5070,82.32,Silver,Grade A+,Working,Boxed
Alcatel One Touch 7045Y,152.88,White,Grade A+,Working,Boxed
Alcatel One Touch 7048X,164.64,Red,Brand New,Working,Boxed
Alcatel One Touch 7048X,141.11999999999998,Red,Grade A+,Working,Boxed
Alcatel One Touch Idol Ultra,211.68,Black,Brand New,Working,Boxed
Alcatel One Touch Idol Ultra,188.16,Black,Grade A+,Working,Boxed
Alcatel One Touch Idol Ultra,129.35999999999999,Red,Grade B,Working,Unboxed
Alcatel One Touch M'Pop 5020,94.08,Purple,Grade B,Working,Unboxed
Alcatel One Touch Pop 4,188.16,Silver,Grade A+,Working,Boxed
Alcatel One Touch Pop 4s,199.92,Black,Grade A+,Working,Boxed
Alcatel One Touch Tribe 3040G,58.8,Black,Grade A+,Working,Boxed
Alcatel One Touch Tribe 3040G,58.8,White,Grade A+,Working,Boxed
Alcatel OT-918,58.8,Black,Brand New,Working,Boxed
Alcatel OT-995,23.52,Black,Grade B,Working,Unboxed
Alcatel Pixi 3 4.5,152.88,Pink,Grade A+,Working,Boxed
Alcatel Pixi 3 4.5,141.11999999999998,Pink,Grade A+,Working,Unboxed
Alcatel Pixi 3 4.5,152.88,Black,Grade A+,Working,Boxed
Alcatel Pixi 3 4.5,129.35999999999999,Black,Grade A,Working,Boxed
Alcatel Pixi 3 4.5,117.6,Black,Grade A,Working,Unboxed
Apple iPhone 4 32GB,94.08,Black,Grade C,Working,Unboxed
Apple iPhone 4S 16GB,176.4,Black,Grade A,Working,Unboxed
Apple iPhone 4S 16GB,89.376,Black,Grade B,Minor Fault,Unboxed
Apple iPhone 4S 16GB,84.672,Black,Grade C,Minor Fault,Unboxed
Apple iPhone 4S 16GB,199.92,White,Swap,Working,Unboxed
Apple iPhone 4S 16GB,176.4,White,Grade A,Working,Unboxed
Apple iPhone 4S 16GB,89.376,White,Grade B,Minor Fault,Unboxed
Apple iPhone 4S 32GB,188.16,White,Grade A+,Working,Unboxed
Apple iPhone 4S 32GB,105.84,White,Grade B,Minor Fault,Unboxed
Apple iPhone 4S 64GB,141.11999999999998,White,Grade C,Working,Unboxed
Apple iPhone 4S 8GB,152.88,Black,Grade A+,Working,Unboxed
Apple iPhone 4S 8GB,70.55999999999999,Black,Grade C,Minor Fault,Unboxed
Apple iPhone 4S 8GB,129.35999999999999,White,Grade A,Working,Unboxed
Apple iPhone 4S 8GB,94.08,White,Grade C,Working,Unboxed
Apple iPhone 5 16GB,294.0,Black,Swap,Working,Unboxed
Apple iPhone 5 16GB,223.43999999999997,Black,Grade A,Working,Unboxed
Apple iPhone 5 16GB,188.16,Black,Grade B,Working,Unboxed
Apple iPhone 5 16GB,294.0,White,Swap,Working,Unboxed
Apple iPhone 5 16GB,246.95999999999998,White,Grade A+,Working,Unboxed
Apple iPhone 5 32GB,317.52000000000004,Black,Swap,Working,Unboxed
Apple iPhone 5 32GB,164.64,Black,Grade C,Working,Unboxed
Apple iPhone 5 32GB,317.52000000000004,White,Swap,Working,Unboxed
Apple iPhone 5 32GB,188.16,White,Grade C+,Working,Unboxed
Apple iPhone 5 32GB,305.76,White,Grade A+,Working,Unboxed
Apple iPhone 5 32GB,211.68,White,Grade B,Working,Unboxed
Apple iPhone 5 64GB,364.56,Black,Swap,Working,Unboxed
Apple iPhone 5 64GB,364.56,White,Swap,Working,Unboxed
Apple iPhone 5 64GB,341.03999999999996,White,Grade A+,Working,Unboxed
Apple iPhone 5C 16GB,246.95999999999998,Blue,Swap,Working,Unboxed
Apple iPhone 5C 16GB,129.35999999999999,Blue,Grade B,Minor Fault,Unboxed
Apple iPhone 5C 16GB,176.4,Pink,Grade C+,Working,Unboxed
Apple iPhone 5C 16GB,199.92,Pink,Grade B,Working,Unboxed
Apple iPhone 5C 16GB,246.95999999999998,Yellow,Swap,Working,Unboxed
Apple iPhone 5C 16GB,246.95999999999998,Yellow,Swap,Working,Unboxed
Apple iPhone 5C 16GB,176.4,Yellow,Grade C+,Working,Unboxed
Apple iPhone 5C 16GB,199.92,Yellow,Grade B,Working,Unboxed
Apple iPhone 5C 16GB,117.6,White,Grade C,Minor Fault,Unboxed
Apple iPhone 5C 32GB,305.76,Blue,Swap,Working,Unboxed
Apple iPhone 5C 32GB,305.76,Pink,Swap,Working,Unboxed
Apple iPhone 5C 32GB,305.76,Yellow,Swap,Working,Unboxed
Apple iPhone 5C 32GB,246.95999999999998,White,Grade B,Working,Unboxed
Apple iPhone 5C 8GB,364.56,Blue,Brand New,Working,Boxed
Apple iPhone 5C 8GB,164.64,Blue,Grade B,Working,Unboxed
Apple iPhone 5C 8GB,117.6,Blue,Grade C,Minor Fault,Unboxed
Apple iPhone 5C 8GB,164.64,Pink,Grade B,Working,Unboxed
Apple iPhone 5C 8GB,124.65599999999999,White,Grade C+,Minor Fault,Unboxed
Apple iPhone 5C 8GB,176.4,White,Grade A,Working,Unboxed
Apple iPhone 5C 8GB,164.64,White,Grade B,Working,Unboxed
Apple iPhone 5C 8GB,129.35999999999999,White,Grade B,Minor Fault,Unboxed
Apple iPhone 5C 8GB,117.6,White,Grade C,Minor Fault,Unboxed
Apple iPhone 5S 16GB,364.56,Silver,Swap,Working,Unboxed
Apple iPhone 5S 16GB,364.56,Silver,Swap,Working,Unboxed
Apple iPhone 5S 16GB,341.03999999999996,Silver,Grade A+,Working,Unboxed
Apple iPhone 5S 16GB,270.48,Silver,Grade A,Working,Unboxed
Apple iPhone 5S 16GB,364.56,Grey,Grade A+,Working,Boxed
Apple iPhone 5S 16GB,341.03999999999996,Grey,Grade A+,Working,Unboxed
Apple iPhone 5S 16GB,270.48,Grey,Grade A,Working,Unboxed
Apple iPhone 5S 16GB,364.56,Gold,Swap,Working,Unboxed
Apple iPhone 5S 16GB,341.03999999999996,Gold,Grade A+,Working,Unboxed
Apple iPhone 5S 32GB,258.71999999999997,Silver,Grade C+,Working,Unboxed
Apple iPhone 5S 32GB,258.71999999999997,Grey,Grade C+,Working,Unboxed
Apple iPhone 5S 32GB,235.2,Grey,Grade C,Working,Unboxed
Apple iPhone 5S 32GB,294.0,Gold,Grade B,Working,Unboxed
Apple iPhone 5S 32GB,235.2,Gold,Grade C,Working,Unboxed
Apple iPhone 5S 64GB,317.52000000000004,Silver,Grade B,Working,Unboxed
Apple iPhone 5S 64GB,294.0,Grey,Grade C+,Working,Unboxed
Apple iPhone 5S 64GB,199.92,Grey,Grade C,Minor Fault,Unboxed
Apple iPhone 5S 64GB,317.52000000000004,Gold,Grade B,Working,Unboxed
Apple iPhone 6 128GB,435.11999999999995,Grey,Grade C+,Working,Unboxed
Apple iPhone 6 128GB,776.16,Gold,Brand New,Working,Boxed
Apple iPhone 6 16GB,564.4799999999999,Silver,Brand New,Working,Boxed
Apple iPhone 6 16GB,470.4,Silver,Swap,Working,Unboxed
Apple iPhone 6 16GB,317.52000000000004,Silver,Grade C+,Working,Unboxed
Apple iPhone 6 16GB,364.56,Silver,Grade B,Working,Unboxed
Apple iPhone 6 16GB,470.4,Grey,Swap,Working,Unboxed
Apple iPhone 6 16GB,442.176,Grey,Grade A+,Working,Unboxed
Apple iPhone 6 16GB,411.59999999999997,Grey,Grade A,Working,Unboxed
Apple iPhone 6 16GB,364.56,Grey,Grade B,Working,Unboxed
Apple iPhone 6 16GB,470.4,Gold,Swap,Working,Unboxed
Apple iPhone 6 16GB,317.52000000000004,Gold,Grade C+,Working,Unboxed
Apple iPhone 6 32GB,376.32,Grey,Grade C+,Working,Unboxed
Apple iPhone 6 32GB,446.87999999999994,Grey,Grade B,Working,Unboxed
Apple iPhone 6 64GB,505.67999999999995,Silver,Grade A,Working,Unboxed
Apple iPhone 6 64GB,430.416,Silver,Grade B,Working,Boxed
Apple iPhone 6 64GB,341.03999999999996,Silver,Grade C,Working,Unboxed
Apple iPhone 6 64GB,376.32,Grey,Grade C+,Working,Unboxed
Apple iPhone 6 64GB,395.13599999999997,Grey,Grade B,Working,Unboxed
Apple iPhone 6 64GB,505.67999999999995,Gold,Grade A,Working,Unboxed
Apple iPhone 6 64GB,341.03999999999996,Gold,Grade C,Working,Unboxed
Apple iPhone 6 Plus 128GB,564.4799999999999,Grey,Grade C,Working,Unboxed
Apple iPhone 6 Plus 16GB,729.12,Silver,Brand New,Working,Boxed
Apple iPhone 6 Plus 16GB,599.76,Silver,Grade A,Working,Unboxed
Apple iPhone 6 Plus 16GB,482.15999999999997,Silver,Grade B,Working,Unboxed
Apple iPhone 6 Plus 16GB,399.84,Silver,Grade C,Working,Unboxed
Apple iPhone 6 Plus 16GB,435.11999999999995,Grey,Grade C+,Working,Unboxed
Apple iPhone 6 Plus 16GB,646.8,Grey,Grade A+,Working,Unboxed
Apple iPhone 6 Plus 16GB,599.76,Grey,Grade A,Working,Unboxed
Apple iPhone 6 Plus 16GB,482.15999999999997,Grey,Grade B,Working,Unboxed
Apple iPhone 6 Plus 16GB,435.11999999999995,Gold,Grade C+,Working,Unboxed
Apple iPhone 6 Plus 16GB,646.8,Gold,Grade A+,Working,Unboxed
Apple iPhone 6 Plus 16GB,599.76,Gold,Grade A,Working,Unboxed
Apple iPhone 6 Plus 16GB,482.15999999999997,Gold,Grade B,Working,Unboxed
Apple iPhone 6 Plus 16GB,399.84,Gold,Grade C,Working,Unboxed
Apple iPhone 6 Plus 64GB,646.8,Grey,Grade B,Working,Unboxed
Apple iPhone 6 Plus 64GB,540.96,Grey,Grade C,Working,Unboxed
Apple iPhone 6 Plus 64GB,611.52,Gold,Grade C+,Working,Unboxed
Apple iPhone 6S 16GB,682.0799999999999,Rose Gold,Brand New,Working,Boxed
Apple iPhone 6S 16GB,682.0799999999999,Rose Gold,Brand New,Working,Boxed
Apple iPhone 6S 16GB,529.1999999999999,Rose Gold,Grade A+,Working,Unboxed
Apple iPhone 6S 16GB,482.15999999999997,Rose Gold,Grade A,Working,Unboxed
Apple iPhone 6S 16GB,435.11999999999995,Rose Gold,Grade B,Working,Unboxed
Apple iPhone 6S 16GB,435.11999999999995,Silver,Grade B,Working,Unboxed
Apple iPhone 6S 16GB,435.11999999999995,Grey,Grade B,Working,Unboxed
Apple iPhone 6S 32GB,611.52,Silver,Grade A+,Working,Unboxed
Apple iPhone 6S Plus 16GB,635.0400000000001,Rose Gold,Grade A+,Working,Unboxed
Apple iPhone 6S Plus 16GB,540.96,Rose Gold,Grade B,Working,Unboxed
Apple iPhone 6S Plus 16GB,752.64,Silver,Brand New,Working,Boxed
Apple iPhone 6S Plus 16GB,682.0799999999999,Grey,Grade A+,Working,Boxed
Apple iPhone 6S Plus 16GB,635.0400000000001,Grey,Grade A+,Working,Unboxed
Apple iPhone 6S Plus 16GB,588.0,Grey,Grade B,Working,Boxed
Apple iPhone 6S Plus 16GB,458.64,Grey,Grade C,Working,Unboxed
Apple iPhone 6S Plus 16GB,752.64,Gold,Brand New,Working,Boxed
Apple iPhone 6S Plus 16GB,752.64,Gold,Brand New,Working,Boxed
Apple iPhone 6S Plus 16GB,682.0799999999999,Gold,Grade A+,Working,Boxed
Apple iPhone 6S Plus 16GB,635.0400000000001,Gold,Grade A+,Working,Unboxed
Apple iPhone 6S Plus 16GB,635.0400000000001,Gold,Grade A,Working,Boxed
Apple iPhone 6S Plus 16GB,588.0,Gold,Grade A,Working,Unboxed
Apple iPhone 6S Plus 16GB,540.96,Gold,Grade B,Working,Unboxed
Apple iPhone 6S Plus 32GB,729.12,Gold,Grade A+,Working,Unboxed
Apple iPhone 7 256GB,1246.56,Jet Black,Brand New,Working,Boxed
Apple iPhone 7 32GB,976.0799999999999,Rose Gold,Grade A+,Working,Boxed
Apple iPhone 7 32GB,929.0399999999998,Rose Gold,Grade A+,Working,Unboxed
Apple iPhone 7 32GB,870.2399999999999,Rose Gold,Grade A,Working,Unboxed
Apple iPhone 7 32GB,682.0799999999999,Black,Grade C,Working,Unboxed
Apple iPhone 7 Plus 128GB,1411.2,Jet Black,Brand New,Working,Boxed
Apple iPhone 7 Plus 256GB,1458.24,Rose Gold,Brand New,Working,Boxed
Apple iPhone 7 Plus 256GB,1458.24,Silver,Brand New,Working,Boxed
Apple iPhone 7 Plus 256GB,1458.24,Jet Black,Brand New,Working,Boxed
Apple iPhone 7 Plus 256GB,1458.24,Black,Brand New,Working,Boxed
Apple iPhone 7 Plus 256GB,1458.24,Red,Brand New,Working,Boxed
Apple iPhone 7 Plus 256GB,1458.24,Gold,Brand New,Working,Boxed
Apple iPhone 8 256GB,1458.24,Silver,Grade A+,Working,Boxed
Apple iPhone 8 256GB,1411.2,Silver,Grade A+,Working,Unboxed
Apple iPhone 8 256GB,1411.2,Gold,Grade A+,Working,Unboxed
Apple iPhone 8 256GB,1387.68,Gold,Grade A,Working,Unboxed
Apple iPhone 8 256GB,1317.12,Gold,Grade B,Working,Unboxed
Apple iPhone 8 256GB,1234.8,Gold,Grade C,Working,Unboxed
Apple iPhone 8 Plus 256GB,1669.9199999999998,Silver,Grade A+,Working,Unboxed
Apple iPhone 8 Plus 256GB,1622.8799999999999,Silver,Grade A,Working,Unboxed
Apple iPhone 8 Plus 256GB,1622.8799999999999,Grey,Grade A,Working,Unboxed
Apple iPhone 8 Plus 256GB,1575.84,Grey,Grade B,Working,Unboxed
Apple iPhone 8 Plus 256GB,1528.8,Gold,Grade C+,Working,Unboxed
Apple iPhone 8 Plus 256GB,1669.9199999999998,Gold,Grade A+,Working,Unboxed
Apple iPhone 8 Plus 256GB,1622.8799999999999,Gold,Grade A,Working,Unboxed
Apple iPhone SE 128GB,677.376,Rose Gold,Grade A+,Working,Boxed
Apple iPhone SE 128GB,642.096,Rose Gold,Grade A+,Working,Unboxed
Apple iPhone SE 128GB,623.28,Rose Gold,Grade A,Working,Unboxed
Apple iPhone SE 128GB,677.376,Silver,Grade A+,Working,Boxed
Apple iPhone SE 128GB,677.376,Gold,Grade A+,Working,Boxed
Apple iPhone SE 16GB,442.176,Rose Gold,Grade A+,Working,Boxed
Apple iPhone SE 16GB,326.928,Rose Gold,Grade B,Working,Unboxed
Apple iPhone SE 16GB,282.23999999999995,Rose Gold,Grade C,Working,Unboxed
Apple iPhone SE 16GB,282.23999999999995,Silver,Grade C,Working,Unboxed
Apple iPhone SE 16GB,305.76,Grey,Grade C+,Working,Unboxed
Apple iPhone SE 16GB,395.13599999999997,Grey,Grade A+,Working,Unboxed
Apple iPhone SE 16GB,352.8,Grey,Grade A,Working,Unboxed
Apple iPhone SE 16GB,326.928,Grey,Grade B,Working,Unboxed
Apple iPhone SE 16GB,395.13599999999997,Gold,Grade A+,Working,Unboxed
Apple iPhone SE 32GB,446.87999999999994,Rose Gold,Grade A+,Working,Unboxed
Apple iPhone SE 32GB,423.36,Rose Gold,Grade A,Working,Unboxed
Apple iPhone SE 32GB,294.0,Rose Gold,Grade C,Minor Fault,Unboxed
Apple iPhone SE 64GB,413.95199999999994,Rose Gold,Grade C+,Working,Unboxed
Apple iPhone SE 64GB,489.216,Rose Gold,Grade A,Working,Unboxed
Apple iPhone SE 64GB,446.87999999999994,Rose Gold,Grade B,Working,Unboxed
Apple iPhone SE 64GB,390.432,Rose Gold,Grade C,Working,Unboxed
Apple iPhone X 256GB,1963.9199999999998,Silver,Grade C+,Working,Unboxed
Apple iPhone X 256GB,2034.4799999999998,Silver,Grade A,Working,Unboxed
Apple iPhone X 256GB,2046.24,Silver,Grade B,Working,Boxed
Apple iPhone X 256GB,1999.1999999999998,Silver,Grade B,Working,Unboxed
Apple iPhone X 256GB,2081.52,Grey,Grade A,Working,Boxed
Apple iPhone X 256GB,2034.4799999999998,Grey,Grade A,Working,Unboxed
Apple iPhone X 256GB,1999.1999999999998,Grey,Grade B,Working,Unboxed
Asus Padfone 2,129.35999999999999,Black,Grade B,Working,Boxed
Blackberry Bold 9000,47.04,Black,Grade B,Working,Unboxed
Blackberry Bold 9780,39.984,Black,Grade C,Working,Unboxed
Blackberry Bold Touch 9900,89.376,Black,Grade B,Working,Unboxed
Blackberry Leap,23.52,Black,Grade A,Minor Fault,Unboxed
Blackberry Q10,122.304,Black,Grade B,Working,Unboxed
Blackberry Torch 9800,58.8,Black,Grade B,Working,Unboxed
Blackberry Torch 9810,47.04,Silver,Grade C,Working,Unboxed
Blackberry Torch 9810,47.04,Grey,Grade C,Working,Unboxed
Blackberry Torch 9860,54.096,Black,Grade B,Working,Unboxed
Blackberry Z30,152.88,Black,Grade B,Working,Unboxed
Blackberry Z30,129.35999999999999,Black,Grade C,Working,Unboxed
CAT B10,129.35999999999999,Black,Grade B,Working,Unboxed
CAT B100,61.152,Black,Grade B,Working,Unboxed
CAT B100,47.04,Black,Grade C,Working,Unboxed
CAT B15,105.84,Black,Grade C,Working,Unboxed
CAT B15Q,164.64,Black,Grade B,Working,Unboxed
CAT B15Q,129.35999999999999,Black,Grade C,Working,Unboxed
CAT B30,82.32,Black,Grade A,Working,Boxed
CAT B30,58.8,Black,Grade B,Working,Unboxed
CAT B30,39.984,Black,Grade C,Minor Fault,Unboxed
CAT S50,188.16,Grey,Grade C,Working,Unboxed
CAT S60,623.28,Black,Grade C+,Working,Unboxed
CAT S60,529.1999999999999,Black,Grade C+,Minor Fault,Unboxed
CAT S60,693.84,Black,Grade A+,Working,Unboxed
CAT S60,705.6,Black,Grade A,Working,Boxed
CAT S60,670.32,Black,Grade B,Working,Boxed
CAT S60,646.8,Black,Grade B,Working,Unboxed
CAT S60,576.24,Black,Grade C,Working,Unboxed
CAT S60,517.4399999999999,Black,Grade C,Minor Fault,Unboxed
Doro 1362,37.632,Black,Grade B,Working,Unboxed
Doro 1362,32.928,Black,Grade C,Working,Unboxed
Doro 1362,37.632,White,Grade B,Working,Unboxed
Doro 1362,32.928,White,Grade C,Working,Unboxed
Doro 2414,35.279999999999994,Grey,Grade B,Working,Unboxed
Doro 332,32.928,Black,Grade C,Working,Unboxed
Doro 338 Gsm,35.279999999999994,Black,Grade C,Working,Unboxed
Doro 338 Gsm,35.279999999999994,White,Grade C,Working,Unboxed
Doro 345,30.576,Black,Grade C,Working,Unboxed
Doro 345,30.576,White,Grade C,Working,Unboxed
Doro 410,35.279999999999994,Red,Grade B,Working,Unboxed
Doro 410,101.136,White,Brand New,Working,Boxed
Doro 5031,56.448,Black,Grade A+,Working,Boxed
Doro 5031,56.448,Red,Grade A+,Working,Boxed
Doro 5031,42.336,Red,Grade A+,Working,Unboxed
Doro 5031,37.632,Red,Grade A,Working,Unboxed
Doro 5031,37.632,Red,Grade B,Working,Boxed
Doro 5031,35.279999999999994,Red,Grade B,Working,Unboxed
Doro 505,47.04,Black,Brand New,Working,Boxed
Doro 507,65.856,Red,Brand New,Working,Boxed
Doro 510,70.55999999999999,White,Brand New,Working,Boxed
Doro 515,42.336,Black,Grade B,Working,Unboxed
Doro 515,70.55999999999999,White,Brand New,Working,Boxed
Doro 516,51.74399999999999,Black,Grade A+,Working,Unboxed
Doro 516,42.336,Black,Grade A,Working,Unboxed
Doro 516,47.04,Black,Grade B,Working,Boxed
Doro 516,39.984,Black,Grade B,Working,Unboxed
Doro 516,61.152,Red,Grade A+,Working,Boxed
Doro 516,51.74399999999999,Red,Grade A+,Working,Unboxed
Doro 520X,51.74399999999999,Black,Grade A,Working,Unboxed
Doro 520X,44.688,Grey,Grade B,Working,Unboxed
Doro 520X,44.688,White,Grade B,Working,Unboxed
Doro 530X,56.448,Silver,Grade A,Working,Unboxed
Doro 530X,105.84,Black,Brand New,Working,Boxed
Doro 530X,61.152,Black,Grade A+,Working,Unboxed
Doro 530X,56.448,Black,Grade A,Working,Unboxed
Doro 530X,49.391999999999996,Black,Grade B,Working,Unboxed
Doro 530X,37.632,Black,Grade C,Working,Unboxed
Doro 530X,37.632,Grey,Grade C,Working,Unboxed
Doro 540X,141.11999999999998,Black,Grade A+,Working,Boxed
Doro 540X,129.35999999999999,Black,Grade A,Working,Boxed
Doro 540X,117.6,Black,Grade A,Working,Unboxed
Doro 540X,94.08,Black,Grade B,Working,Unboxed
Doro 5516,77.61599999999999,Black,Grade A+,Working,Boxed
Doro 5516,70.55999999999999,Black,Grade A+,Working,Unboxed
Doro 5516,70.55999999999999,Black,Grade A,Working,Boxed
Doro 5516,63.504,Black,Grade A,Working,Unboxed
Doro 5516,42.336,Black,Grade C,Working,Unboxed
Doro 5516,77.61599999999999,Red,Grade A+,Working,Boxed
Doro 5516,51.74399999999999,Red,Grade B,Working,Unboxed
Doro 5516,77.61599999999999,Grey,Grade A+,Working,Boxed
Doro 5516,70.55999999999999,Grey,Grade A,Working,Boxed
Doro 5516,63.504,Grey,Grade A,Working,Unboxed
Doro 5516,42.336,Grey,Grade C,Working,Unboxed
Doro 6030,65.856,Red,Grade A+,Working,Unboxed
Doro 6030,56.448,Red,Grade B,Working,Unboxed
Doro 6030,42.336,Red,Grade C,Working,Unboxed
Doro 6030,65.856,Grey,Grade A+,Working,Unboxed
Doro 6030,61.152,Grey,Grade A,Working,Unboxed
Doro 6030,56.448,Grey,Grade B,Working,Unboxed
Doro 6030,42.336,Grey,Grade C,Working,Unboxed
Doro 605,47.04,Grey,Grade B,Working,Unboxed
Doro 6050,82.32,Black,Grade A,Working,Unboxed
Doro 6050,47.04,Grey,Grade C,Working,Unboxed
Doro 607,56.448,Black,Grade B,Working,Unboxed
Doro 607,44.688,Black,Grade C,Working,Unboxed
Doro 607,63.504,Red,Grade A,Working,Unboxed
Doro 607,44.688,Red,Grade C,Working,Unboxed
Doro 609,32.928,Silver,Grade C,Working,Unboxed
Doro 609,51.74399999999999,Black,Grade A,Working,Unboxed
Doro 609,32.928,Black,Grade C,Working,Unboxed
Doro 609,58.8,Grey,Grade A+,Working,Unboxed
Doro 615,49.391999999999996,Red,Grade B,Working,Unboxed
Doro 621,65.856,Black,Grade A,Working,Unboxed
Doro 621,47.04,Black,Grade C,Working,Unboxed
Doro 621,47.04,Red,Grade C,Working,Unboxed
Doro 622,58.8,Black,Grade B,Working,Unboxed
Doro 624,89.376,Purple,Grade A+,Working,Boxed
Doro 624,44.688,Purple,Grade C,Working,Unboxed
Doro 624,117.6,Black,Brand New,Working,Boxed
Doro 624,65.856,Red,Grade A,Working,Unboxed
Doro 624,44.688,Red,Grade C,Working,Unboxed
Doro 624,117.6,Grey,Brand New,Working,Boxed
Doro 624,44.688,Grey,Grade C,Working,Unboxed
Doro 631,94.08,Pink,Grade A+,Working,Unboxed
Doro 631,89.376,Black,Grade A,Working,Boxed
Doro 631,42.336,Grey,Grade C,Working,Unboxed
Doro 632,39.984,Pink,Grade C,Working,Unboxed
Doro 632,105.84,Black,Brand New,Working,Boxed
Doro 632,82.32,Black,Grade A+,Working,Unboxed
Doro 632,39.984,Black,Grade C,Working,Unboxed
Doro 6521,49.391999999999996,Red,Grade C,Working,Unboxed
Doro 6521,105.84,Grey,Brand New,Working,Boxed
Doro 6521,91.728,Grey,Grade A+,Working,Boxed UK
Doro 6521,82.32,Grey,Grade A,Working,Boxed
Doro 6521,70.55999999999999,Grey,Grade A,Working,Unboxed
Doro 6521,49.391999999999996,Grey,Grade C,Working,Unboxed
Doro 6526,51.74399999999999,Silver,Grade C,Working,Unboxed
Doro 6526,51.74399999999999,Grey,Grade C,Working,Unboxed
Doro 6531,136.416,Black,Brand New,Working,Boxed
Doro 6531,94.08,Black,Grade A+,Working,Boxed
Doro 6531,58.8,Black,Grade B,Working,Unboxed
Doro 6531,136.416,Red,Brand New,Working,Boxed
Doro 6531,94.08,Red,Grade A+,Working,Boxed
Doro 6531,82.32,Red,Grade A+,Working,Unboxed
Doro 6531,65.856,Red,Grade B,Working,Boxed
Doro 6531,58.8,Red,Grade B,Working,Unboxed
Doro 6531,42.336,Red,Grade C,Working,Unboxed
Doro 6531,42.336,Grey,Grade C,Working,Unboxed
Doro 715,58.8,Black,Grade C,Working,Unboxed
Doro 740,23.52,Black,Grade A+,Working,Unboxed
Doro 740,82.32,Black,Grade A,Working,Unboxed
Doro 740,61.152,Black,Grade B,Working,Unboxed
Doro 740,42.336,Black,Grade C,Working,Unboxed
Doro 8020X,94.08,Blue,Grade C,Working,Unboxed
Doro 8020X,164.64,Black,Grade A+,Working,Unboxed
Doro 8020X,152.88,Black,Grade A,Working,Boxed
Doro 8020X,117.6,Black,Grade B,Working,Unboxed
Doro 8020X,94.08,Black,Grade C,Working,Unboxed
Doro 8020X,94.08,Grey,Grade C,Working,Unboxed
Doro 8030,169.344,Black,Grade A+,Working,Unboxed
Doro 8030,72.91199999999999,Black,Grade A+,Minor Fault,Unboxed
Doro 8030,164.64,Black,Grade A,Working,Boxed
Doro 8030,145.82399999999998,Black,Grade A,Working,Unboxed
Doro 8030,141.11999999999998,Black,Grade B,Working,Boxed
Doro 8030,122.304,Black,Grade B,Working,Unboxed
Doro 8030,75.264,Black,Grade C,Working,Unboxed
Doro 8030,169.344,Grey,Grade A+,Working,Unboxed
Doro 8040,152.88,Black,Grade C+,Working,Unboxed
Doro 8040,235.2,Black,Grade A+,Working,Unboxed
Doro 8040,199.92,Black,Grade A,Working,Unboxed
Doro 8040,199.92,Black,Grade B,Working,Boxed
Doro 8040,176.4,Black,Grade B,Working,Unboxed
Doro 8040,235.2,Grey,Grade A+,Working,Unboxed
Doro 810 Liberto,94.08,Black,Grade A,Working,Unboxed
Doro 820 Liberto,117.6,Pink,Grade B,Working,Unboxed
Doro 820 Liberto,223.43999999999997,Black,Grade A+,Working,Unboxed
Doro 820 Liberto,211.68,Black,Grade A,Working,Boxed
Doro 820 Liberto,188.16,Black,Grade A,Working,Unboxed
Doro 820 Liberto,141.11999999999998,Black,Grade B,Working,Boxed
Doro 820 Liberto,117.6,Black,Grade B,Working,Unboxed
Doro 820 Liberto,117.6,White,Grade B,Working,Unboxed
Doro 820 Liberto Mini,42.336,Black,Grade C,Working,Unboxed
Doro 820 Liberto Mini,42.336,Grey,Grade C,Working,Unboxed
Doro 825 Liberto,246.95999999999998,Black,Grade A+,Working,Unboxed
Doro 825 Liberto,246.95999999999998,Black,Grade A,Working,Boxed
Doro 825 Liberto,223.43999999999997,Black,Grade A,Working,Unboxed
Doro 825 Liberto,188.16,Black,Grade B,Working,Boxed
Doro 825 Liberto,164.64,Black,Grade B,Working,Unboxed
Doro 825 Liberto,129.35999999999999,Black,Grade C,Working,Unboxed
Emporia V99,82.32,Black,Grade B,Working,Boxed
Emporia V99,70.55999999999999,Black,Grade B,Working,Unboxed
Emporia V99,58.8,Black,Grade C,Working,Unboxed
General Mobile GM 5 Plus d,251.664,Black,Grade A+,Working,Boxed
General Mobile GM 5 Plus d,251.664,Grey,Grade A+,Working,Boxed
General Mobile GM 5 Plus d,251.664,White,Grade A+,Working,Boxed
General Mobile GM 6,282.23999999999995,Black,Grade A+,Working,Boxed
General Mobile GM 6,258.71999999999997,Grey,Grade A+,Working,Unboxed
General Mobile GM 6,246.95999999999998,Grey,Grade A,Working,Boxed
General Mobile GM 6,246.95999999999998,White,Grade A,Working,Boxed
General Mobile GM 6,246.95999999999998,Gold,Grade A,Working,Boxed
HTC 10 32GB,399.84,Silver,Grade B,Working,Unboxed
HTC 10 32GB,341.03999999999996,Silver,Grade C,Working,Unboxed
HTC 10 32GB,341.03999999999996,Grey,Grade C,Working,Unboxed
HTC 10 32GB,341.03999999999996,Gold,Grade C,Working,Unboxed
HTC 7 Trophy,63.504,Black,Grade A+,Working,Unboxed
HTC 7 Trophy,63.504,Black,Grade A,Working,Boxed
HTC 7 Trophy,54.096,Black,Grade B,Working,Boxed
HTC 7 Trophy,39.984,Black,Grade C,Working,Unboxed
HTC Advantage X7500,35.279999999999994,Black,Grade C,Working,Unboxed
HTC Desire 500,70.55999999999999,Blue,Grade C,Working,Unboxed
HTC Desire 500,94.08,Black,Grade B,Working,Unboxed
HTC Desire 500,70.55999999999999,Black,Grade C,Working,Unboxed
HTC Desire 510,117.6,Black,Grade A,Working,Unboxed
HTC Desire 601,82.32,Black,Grade C,Working,Unboxed
HTC Desire 728G dual sim,258.71999999999997,White,Brand New,Working,Boxed
HTC Desire C,70.55999999999999,Red,Grade A,Working,Unboxed
HTC HD Mini,54.096,Black,Grade A,Working,Unboxed
HTC HD Mini,42.336,Black,Grade B,Working,Unboxed
HTC HD Mini,32.928,Black,Grade C,Working,Unboxed
HTC HD2,42.336,Black,Grade C,Working,Unboxed
HTC One (M7),181.10399999999998,Silver,Grade A,Working,Unboxed
HTC One (M7),164.64,Silver,Grade B,Working,Unboxed
HTC One (M7),141.11999999999998,Silver,Grade C,Working,Unboxed
HTC One (M7),141.11999999999998,Red,Grade C,Working,Unboxed
HTC One (M7),164.64,Gold,Grade B,Working,Unboxed
HTC One (M7) Dual Sim,150.528,Silver,Grade C,Working,Unboxed
HTC One (M8),199.92,Silver,Grade B,Working,Unboxed
HTC One (M8) Dual Sim,188.16,Grey,Grade C,Working,Unboxed
HTC One (M8s),282.23999999999995,Grey,Grade A+,Working,Unboxed
HTC One (M8s),270.48,Grey,Grade A,Working,Boxed
HTC One (M8s),246.95999999999998,Grey,Grade A,Working,Unboxed
HTC One (M8s),235.2,Grey,Grade B,Working,Boxed
HTC One (M8s),230.49599999999998,Grey,Grade B,Working,Boxed UK
HTC One (M8s),188.16,Grey,Grade C,Working,Unboxed
HTC One (M8s),188.16,Gold,Grade C,Working,Unboxed
HTC One (M9),282.23999999999995,Rose Gold,Grade B,Working,Unboxed
HTC One (M9),235.2,Rose Gold,Grade C,Working,Unboxed
HTC One (M9),235.2,Silver,Grade C,Working,Unboxed
HTC One (M9),305.76,Grey,Grade B,Working,Boxed
HTC One (M9),235.2,Grey,Grade C,Working,Unboxed
HTC One (M9),235.2,Gold,Grade C,Working,Unboxed
HTC One A9 16GB,263.424,Black,Grade C,Working,Unboxed
HTC One A9 16GB,352.8,Grey,Grade A+,Working,Unboxed
HTC One A9 16GB,341.03999999999996,Grey,Grade A,Working,Boxed
HTC One A9 16GB,317.52000000000004,Grey,Grade A,Working,Unboxed
HTC One A9 16GB,317.52000000000004,Grey,Grade B,Working,Boxed
HTC One A9 16GB,263.424,Grey,Grade C,Working,Unboxed
HTC One Mini,199.92,Silver,Grade A+,Working,Boxed
HTC One Mini,176.4,Silver,Grade A,Working,Boxed
HTC One Mini,129.35999999999999,Silver,Grade A,Minor Fault,Boxed
HTC One Mini,105.84,Silver,Grade B,Minor Fault,Unboxed
HTC One Mini,112.896,Black,Grade C,Working,Unboxed
HTC One Mini,94.08,Black,Grade C,Minor Fault,Unboxed
HTC One Mini 2,141.11999999999998,Grey,Grade B,Working,Unboxed
HTC One X,61.152,Grey,Grade C,Minor Fault,Unboxed
HTC One X Plus,211.68,Black,Grade A+,Working,Boxed
HTC Radar,37.632,Silver,Grade C,Working,Unboxed
HTC Radar,47.04,Grey,Grade B,Working,Unboxed
HTC Sensation,79.968,Black,Grade A+,Working,Unboxed
HTC Smart,39.984,Black,Grade B,Working,Unboxed
HTC Snap,32.928,Black,Grade C,Working,Unboxed
HTC Touch HD,37.632,Black,Grade C,Working,Unboxed
HTC Touch2,30.576,Brown,Grade C,Working,Unboxed
HTC TyTN,30.576,Grey,Grade C,Working,Unboxed
HTC TyTN II,42.336,Black,Grade A,Working,Unboxed
HTC U11 64GB,540.96,Black,Grade C,Working,Unboxed
HTC Wildfire,37.632,Brown,Grade C,Working,Unboxed
HTC Windows Phone 8S,72.91199999999999,Blue,Grade A,Working,Unboxed
HTC Windows Phone 8S,49.391999999999996,Blue,Grade C,Working,Unboxed
HTC Windows Phone 8S,89.376,Black,Grade A+,Working,Unboxed
HTC Windows Phone 8S,72.91199999999999,Black,Grade A,Working,Unboxed
HTC Windows Phone 8S,49.391999999999996,Black,Grade C,Working,Unboxed
HTC Windows Phone 8S,49.391999999999996,White,Grade C,Working,Unboxed
HTC Windows Phone 8X,70.55999999999999,Blue,Grade B,Working,Unboxed
HTC Windows Phone 8X,105.84,Black,Grade A+,Working,Boxed
HTC Windows Phone 8X,58.8,Black,Grade C,Working,Unboxed
Huawei Ascend G300,23.52,White,Grade B,Working,Unboxed
Huawei Ascend G510,79.968,Black,Grade B,Working,Unboxed
Huawei Ascend G6,164.64,Black,Grade A+,Working,Boxed
Huawei Ascend P7,211.68,Black,Grade A,Working,Boxed
Huawei Ascend P7,188.16,Black,Grade A,Working,Unboxed
Huawei Ascend Y330,105.84,Black,Grade A+,Working,Boxed
Huawei Ascend Y330,70.55999999999999,Black,Grade B,Working,Boxed
Huawei Ascend Y600,117.6,Black,Grade A,Working,Boxed
Huawei Ascend Y625,112.896,White,Grade B,Working,Unboxed
Huawei Honor 5A,23.52,White,Grade B,Working,Unboxed
Huawei Honor 6 H60-L04,270.48,White,Grade A,Working,Boxed
Huawei Honor 7,376.32,Silver,Brand New,Working,Boxed
Huawei Honor 7,270.48,Silver,Grade A,Working,Boxed
Huawei Honor 7,199.92,Silver,Grade C,Working,Unboxed
Huawei Honor 7,199.92,Grey,Grade C,Working,Unboxed
Huawei Honor 7,376.32,Gold,Brand New,Working,Boxed
Huawei Honor 8 32GB Dual Sim,458.64,Blue,Brand New,Working,Boxed
Huawei Honor 8 32GB Dual Sim,411.59999999999997,Black,Grade A+,Working,Boxed
Huawei Honor 8 32GB Dual Sim,388.08,Black,Grade A+,Working,Unboxed
Huawei Honor 9 64GB STF-L09,576.24,Black,Brand New,Working,Boxed
Huawei Honor 9 64GB STF-L09,540.96,Black,Grade A+,Working,Boxed
Huawei Honor U8860,47.04,Black,Grade C,Working,Unboxed
Huawei Mate 10 Pro 128GB,834.9599999999999,Grey,Grade A,Working,Unboxed
Huawei Mate 10 Pro 128GB Dual Sim,917.28,Grey,Grade A+,Working,Boxed
Huawei Mate 10 Pro 128GB Dual Sim,882.0,Grey,Grade A+,Working,Unboxed
Huawei Mate 10 Pro 64GB Dual Sim,858.4799999999999,Grey,Grade A+,Working,Unboxed
Huawei Mate 9,552.7199999999999,Grey,Grade C,Working,Unboxed
Huawei Mate 9 Pro 128gb,670.32,Grey,Grade C+,Working,Unboxed
Huawei Mate 9 Pro 128gb,799.68,Grey,Grade A,Working,Boxed
Huawei Mate 9 Pro 128gb,764.4,Grey,Grade A,Working,Unboxed
Huawei Mate 9 Pro 128gb,870.2399999999999,Gold,Brand New,Working,Boxed
Huawei Mate 9 Pro 128gb,799.68,Gold,Grade A+,Working,Unboxed
Huawei Mate 9 Pro 128gb,799.68,Gold,Grade A,Working,Boxed
Huawei Mate 9 Pro 128gb,764.4,Gold,Grade A,Working,Unboxed
Huawei Mate 9 Pro 64 gb,646.8,Gold,Grade C+,Working,Unboxed
Huawei Mate 9 Pro 64 gb,623.28,Gold,Grade C,Working,Unboxed
Huawei Nexus 6P 32GB,305.76,Grey,Grade C+,Working,Unboxed
Huawei Nexus 6P 64GB,329.28,Grey,Grade C,Working,Unboxed
Huawei P10 32GB Dual (VTR-L29),576.24,Black,Grade A,Working,Unboxed
Huawei P10 32GB Dual (VTR-L29),482.15999999999997,Black,Grade B,Working,Unboxed
Huawei P10 64GB Dual (VTR-L29),517.4399999999999,Black,Grade B,Working,Unboxed
Huawei P10 64GB Dual (VTR-L29),517.4399999999999,Gold,Grade B,Working,Unboxed
Huawei P10 Plus 128GB Dual (VKY-L29),658.56,Black,Grade B,Working,Unboxed
Huawei P10 Plus 128GB Dual (VKY-L29),576.24,Black,Grade C,Working,Unboxed
Huawei P10 Plus 128GB Dual (VKY-L29),658.56,Gold,Grade B,Working,Unboxed
Huawei P10 Plus 64GB (VKY-L09),564.4799999999999,Black,Grade C+,Working,Unboxed
Huawei P10 Plus 64GB (VKY-L09),658.56,Black,Grade A,Working,Unboxed
Huawei P10 Plus 64GB (VKY-L09),599.76,Black,Grade B,Working,Unboxed
Huawei P10 Plus 64GB (VKY-L09),540.96,Black,Grade C,Working,Unboxed
Huawei P10 Plus 64GB Dual (VKY-L29),564.4799999999999,Grey,Grade C,Working,Unboxed
Huawei P8,258.71999999999997,Silver,Grade B,Working,Boxed
Huawei P9 32GB (EVA-L09),239.90399999999997,Silver,Grade C+,Minor Fault,Unboxed
Huawei P9 32GB (EVA-L09),376.32,Silver,Grade A,Working,Unboxed
Huawei P9 32GB (EVA-L09),411.59999999999997,Grey,Grade A,Working,Boxed
Huawei P9 32GB (EVA-L09),376.32,Grey,Grade A,Working,Unboxed
Huawei P9 32GB (EVA-L09),329.28,Grey,Grade B,Working,Unboxed
Huawei P9 32GB (EVA-L09),376.32,White,Grade A,Working,Unboxed
Huawei P9 Plus VIE-L09,540.96,Grey,Grade A+,Working,Unboxed
Huawei P9 Plus VIE-L09,505.67999999999995,Grey,Grade A,Working,Unboxed
Huawei P9 Plus VIE-L09,470.4,Grey,Grade B,Working,Unboxed
Huawei P9 Plus VIE-L09,470.4,Gold,Grade B,Working,Unboxed
Huawei U8150 IDEOS,58.8,Black,Grade B,Working,Unboxed
Huawei U8150 IDEOS,47.04,Black,Grade C,Working,Unboxed
Huawei U8510 IDEOS X3,51.74399999999999,White,Grade B,Working,Unboxed
Huawei U8800 IDEOS X5,35.279999999999994,Black,Grade B,Working,Unboxed
Huawei Y5 II,164.64,White,Grade A+,Working,Boxed
Huawei Y6 (2017) 16GB DS,223.43999999999997,Grey,Grade A+,Working,Boxed
Huawei Y6 (2017) 16GB DS,223.43999999999997,Gold,Grade A+,Working,Boxed
Huawei Y6 (2017) 16GB DS,211.68,Gold,Grade A+,Working,Unboxed
Huawei Y6 II Compact,199.92,Black,Grade A+,Working,Boxed
Insmat Erifon Rock V4,58.8,Black,Grade B,Working,Unboxed
Insmat erifon rock v40 lte,105.84,Black,Grade B,Working,Boxed
Insmat Erifon rock v50 LTE,117.6,Black,Grade B,Working,Boxed
Insmat Erifon rock v50 LTE,105.84,Black,Grade B,Working,Unboxed
Insmat Erifon rock v50 LTE,82.32,Black,Grade C,Working,Unboxed
Insmat Rock V20,129.35999999999999,Black,Grade A+,Working,Boxed
Insmat Rock V20 Plus,141.11999999999998,Black,Grade A+,Working,Boxed
Kazam Life B2,58.8,Black,Brand New,Working,Boxed
Lenovo Vibe P2,305.76,Grey,Grade B,Working,Unboxed
LG BL20 New Chocolate,51.74399999999999,Black,Grade C,Working,Unboxed
LG Etna Plus GT350,35.279999999999994,White,Grade B,Working,Boxed
LG G2 D802 32GB,176.4,Black,Grade C,Working,Unboxed
LG G2 D802 32GB,176.4,White,Grade C,Working,Unboxed
LG G3 D855 16GB,199.92,Black,Grade B,Working,Unboxed
LG G3 D855 16GB,258.71999999999997,Gold,Grade A+,Working,Unboxed
LG G3 S D722,211.68,Gold,Grade A,Working,Boxed
LG G3 S D722,195.216,Gold,Grade B,Working,Boxed
LG G4 H815,223.43999999999997,Brown,Grade B,Working,Unboxed
LG G4 H815,258.71999999999997,Grey,Grade A,Working,Unboxed
LG G4 H815,258.71999999999997,Gold,Grade B,Working,Boxed
LG G4 Stylus H635,235.2,Silver,Grade A,Working,Boxed
LG G4c H525N,129.35999999999999,Grey,Grade C,Working,Unboxed
LG G5 H850,411.59999999999997,Grey,Grade A+,Working,Unboxed
LG G5 H850,411.59999999999997,Gold,Grade A+,Working,Unboxed
LG G5 H850,388.08,Gold,Grade A,Working,Unboxed
LG G5 H850,270.48,Gold,Grade C,Working,Unboxed
LG G5 SE,399.84,Grey,Grade A,Working,Unboxed
LG G5 SE,364.56,Grey,Grade B,Working,Unboxed
LG G5 SE,341.03999999999996,Grey,Grade C,Working,Unboxed
LG GW520,39.984,Black,Grade C,Working,Unboxed
LG K10 (2017),199.92,Black,Grade A+,Working,Unboxed
LG K4,141.11999999999998,Blue,Grade A+,Working,Unboxed
LG K4,112.896,Blue,Grade B,Working,Unboxed
LG K4,141.11999999999998,Black,Grade A+,Working,Unboxed
LG K4,129.35999999999999,Black,Grade A,Working,Unboxed
LG K4,112.896,Black,Grade B,Working,Unboxed
LG K4 (2017),136.416,Black,Grade A+,Working,Unboxed
LG K8 K350N,152.88,Black,Grade A+,Working,Unboxed
LG KF600,37.632,Black,Grade C,Working,Unboxed
LG KP130,51.74399999999999,Black,Grade B,Working,Unboxed
LG L20,77.61599999999999,Black,Grade A+,Working,Boxed UK
LG L20,77.61599999999999,White,Grade A+,Working,Boxed UK
LG L40 D160,47.04,Black,Grade C,Working,Unboxed
LG L5 II Dual Sim E455,23.52,Black,Grade B,Working,Unboxed
LG L90 D405,141.11999999999998,Black,Grade A+,Working,Unboxed
LG L90 D405,94.08,White,Grade A+,Minor Fault,Boxed
LG Leon LTE H340N,176.4,Black,Brand New,Working,Boxed
LG Leon LTE H340N,129.35999999999999,Grey,Grade A,Working,Unboxed
LG Leon LTE H340N,105.84,Grey,Grade B,Working,Unboxed
LG Nexus 4 16GB,211.68,Black,Grade A+,Working,Boxed
LG Nexus 5 D821 16GB,159.936,Black,Grade C,Working,Unboxed
LG Nexus 5X 16GB,376.32,Black,Grade A+,Working,Unboxed
LG Nexus 5X 16GB,270.48,Black,Grade B,Working,Unboxed
LG Nexus 5X 16GB,317.52000000000004,White,Grade A,Working,Unboxed
LG Nexus 5X 16GB,246.95999999999998,White,Grade C,Working,Unboxed
LG Optimus 4X HD P880,94.08,Black,Grade B,Working,Unboxed
LG Optimus G E975,159.936,Black,Grade A+,Working,Unboxed
LG Optimus L4 II E440,94.08,White,Grade A+,Working,Boxed
LG Optimus L5 II E460,105.84,Black,Grade A+,Working,Boxed UK
LG Optimus L5 II E460,91.728,Grey,Grade B,Working,Boxed
LG Optimus L9 P760,129.35999999999999,Black,Grade A+,Working,Unboxed
LG Optimus L9 P760,70.55999999999999,White,Grade C,Working,Unboxed
LG Optimus One P500,35.279999999999994,Silver,Grade C,Working,Unboxed
LG Optimus One P500,35.279999999999994,Black,Grade C,Working,Unboxed
LG Optimus P990,70.55999999999999,Grey,Grade B,Working,Unboxed
LG Optimus True HD LTE P936,65.856,Blue,Grade C,Working,Unboxed
LG Optimus True HD LTE P936,101.136,Black,Grade B,Working,Boxed
LG Optimus True HD LTE P936,89.376,Black,Grade B,Working,Unboxed
LG Spirit LTE H440N,164.64,Black,Grade A,Working,Boxed
LG Spirit LTE H440N,129.35999999999999,Gold,Grade B,Working,Boxed
LG V10,564.4799999999999,Black,Grade A,Working,Boxed
LG V10,517.4399999999999,Black,Grade B,Working,Boxed
LG Viewty Smile GT400,32.928,Black,Grade C,Working,Unboxed
Marshall London KB-1501,258.71999999999997,Black,Grade A+,Working,Unboxed
Marshall London KB-1501,235.2,Black,Grade A,Working,Unboxed
Marshall London KB-1501,199.92,Black,Grade B,Working,Unboxed
Marshall London KB-1501,188.16,Black,Grade C,Working,Unboxed
Microsoft Lumia 435,94.08,Black,Grade A+,Working,Boxed
Microsoft Lumia 435,82.32,Black,Grade A+,Working,Unboxed
Microsoft Lumia 435,65.856,Black,Grade B,Working,Boxed
Microsoft Lumia 435,94.08,White,Grade A+,Working,Boxed
Microsoft Lumia 435,82.32,White,Grade A+,Working,Unboxed
Microsoft Lumia 435,70.55999999999999,Green,Grade A,Working,Boxed
Microsoft Lumia 435,94.08,Orange,Grade A+,Working,Boxed
Microsoft Lumia 435,82.32,Orange,Grade A+,Working,Unboxed
Microsoft Lumia 532,58.8,Blue,Grade A,Working,Unboxed
Microsoft Lumia 532,58.8,Black,Grade A,Working,Unboxed
Microsoft Lumia 532,58.8,Orange,Grade A,Working,Unboxed
Microsoft Lumia 532,47.04,Orange,Grade B,Working,Unboxed
Microsoft Lumia 535,105.84,Black,Grade A+,Working,Unboxed
Microsoft Lumia 535,94.08,Black,Grade A,Working,Unboxed
Microsoft Lumia 535,65.856,Black,Grade C,Working,Unboxed
Microsoft Lumia 535,105.84,White,Grade A+,Working,Unboxed
Microsoft Lumia 535,94.08,Green,Grade A,Working,Unboxed
Microsoft Lumia 535,65.856,Green,Grade C,Working,Unboxed
Microsoft Lumia 550,105.84,Black,Grade B,Working,Boxed
Microsoft Lumia 550,94.08,Black,Grade B,Working,Unboxed
Microsoft Lumia 550,65.856,Black,Grade C,Working,Unboxed
Microsoft Lumia 550,105.84,White,Grade B,Working,Boxed
Microsoft Lumia 550,94.08,White,Grade B,Working,Unboxed
Microsoft Lumia 640 LTE,89.376,Blue,Grade B,Working,Unboxed
Microsoft Lumia 640 LTE,110.544,Black,Grade A,Working,Unboxed
Microsoft Lumia 640 LTE,89.376,Black,Grade B,Working,Unboxed
Microsoft Lumia 640 LTE,77.61599999999999,Black,Grade C,Working,Unboxed
Microsoft Lumia 640 LTE,110.544,White,Grade A,Working,Unboxed
Microsoft Lumia 640 LTE,89.376,White,Grade B,Working,Unboxed
Microsoft Lumia 640 LTE,77.61599999999999,White,Grade C,Working,Unboxed
Microsoft Lumia 640 LTE,89.376,Orange,Grade B,Working,Unboxed
Microsoft Lumia 640 LTE,70.55999999999999,Orange,Grade B,Minor Fault,Unboxed
Microsoft Lumia 640 LTE Dual Sim,124.65599999999999,Blue,Grade A,Working,Unboxed
Microsoft Lumia 640 LTE Dual Sim,141.11999999999998,Black,Grade A,Working,Boxed
Microsoft Lumia 640 LTE Dual Sim,98.78399999999999,Black,Grade B,Working,Unboxed
Microsoft Lumia 640 LTE Dual Sim,87.02399999999999,Black,Grade C,Working,Unboxed
Microsoft Lumia 640 XL,87.02399999999999,Blue,Grade B,Minor Fault,Unboxed
Microsoft Lumia 640 XL,105.84,Blue,Grade C,Working,Unboxed
Microsoft Lumia 640 XL,164.64,Black,Grade A+,Working,Unboxed
Microsoft Lumia 640 XL,171.69599999999997,Black,Grade A,Working,Boxed
Microsoft Lumia 640 XL,152.88,Black,Grade A,Working,Unboxed
Microsoft Lumia 640 XL,129.35999999999999,Black,Grade B,Working,Unboxed
Microsoft Lumia 640 XL,105.84,Black,Grade C,Working,Unboxed
Microsoft Lumia 640 XL,164.64,White,Grade A+,Working,Unboxed
Microsoft Lumia 640 XL,171.69599999999997,White,Grade A,Working,Boxed
Microsoft Lumia 640 XL,152.88,White,Grade A,Working,Unboxed
Microsoft Lumia 640 XL,129.35999999999999,White,Grade B,Working,Unboxed
Microsoft Lumia 640 XL,105.84,White,Grade C,Working,Unboxed
Microsoft Lumia 640 XL,188.16,Orange,Grade A+,Working,Boxed
Microsoft Lumia 640 XL,141.11999999999998,Orange,Grade B,Working,Boxed
Microsoft Lumia 640 XL,129.35999999999999,Orange,Grade B,Working,Unboxed
Microsoft Lumia 650,105.84,Black,Grade B,Working,Unboxed
Microsoft Lumia 950,235.2,Black,Grade A+,Minor Fault,Unboxed
Microsoft Lumia 950,388.08,Black,Grade A,Working,Boxed
Microsoft Lumia 950,364.56,Black,Grade A,Working,Unboxed
Microsoft Lumia 950,223.43999999999997,Black,Grade A,Minor Fault,Boxed
Microsoft Lumia 950,211.68,Black,Grade A,Minor Fault,Unboxed
Microsoft Lumia 950,329.28,Black,Grade B,Working,Boxed
Microsoft Lumia 950,305.76,Black,Grade B,Working,Unboxed
Microsoft Lumia 950,199.92,Black,Grade B,Minor Fault,Unboxed
Microsoft Lumia 950,258.71999999999997,Black,Grade C,Working,Unboxed
Microsoft Lumia 950,388.08,White,Grade A,Working,Boxed
Microsoft Lumia 950,305.76,White,Grade B,Working,Unboxed
Microsoft Lumia 950 Dual Sim,317.52000000000004,Black,Grade B,Working,Unboxed
Microsoft Lumia 950 Dual Sim,270.48,Black,Grade C,Working,Unboxed
Microsoft Lumia 950 XL,270.48,Black,Grade B,Minor Fault,Unboxed
Microsoft Lumia 950 XL,317.52000000000004,Black,Grade C,Working,Unboxed
Microsoft Lumia 950 XL,282.23999999999995,Black,Grade C,Minor Fault,Unboxed
Motorola Defy,37.632,Black,Grade C,Working,Unboxed
Motorola Defy Mini XT320,94.08,Black,Brand New,Working,Boxed
Motorola Defy Mini XT320,47.04,Black,Grade A,Working,Unboxed
Motorola Defy Mini XT320,47.04,Black,Grade B,Working,Boxed
Motorola ES400,42.336,Black,Grade C,Working,Unboxed
Motorola Moto E XT1524,77.61599999999999,Black,Grade B,Working,Unboxed
Motorola Moto E XT1524,58.8,Black,Grade C,Working,Unboxed
Motorola Moto E3,23.52,White,Grade B,Working,Boxed
Motorola Moto G (3.rd gen) 8GB XT1541,152.88,White,Grade A+,Working,Unboxed
Motorola Moto G (3.rd gen) 8GB XT1541,94.08,White,Grade C,Working,Unboxed
Motorola Moto G 4G (2nd gen) XT1072,152.88,Black,Grade A+,Working,Boxed
Motorola Moto G 4G (2nd gen) XT1072,94.08,Black,Grade C,Working,Unboxed
Motorola Moto G 8GB XT1039,89.376,Black,Grade C,Working,Unboxed
Motorola Moto G 8GB XT1039,164.64,White,Grade A+,Working,Boxed
Motorola Moto G 8GB XT1039,141.11999999999998,White,Grade A+,Working,Unboxed
Motorola Moto G4 16GB,211.68,Black,Grade A,Working,Boxed
Motorola Moto G4 16GB Dual,216.384,Black,Grade A,Working,Boxed
Motorola Moto G4 Play,176.4,Black,Grade A,Working,Unboxed
Motorola Moto G4 Plus XT1642,211.68,Black,Grade B,Working,Boxed
Motorola Moto G4 Plus XT1642,211.68,White,Grade B,Working,Boxed
Motorola Moto G5 16GB,164.64,Grey,Grade B,Working,Boxed
Motorola Moto G5 Plus 32GB,270.48,Black,Grade C,Working,Unboxed
Motorola Moto G5 Plus 32GB,270.48,Grey,Grade C,Working,Unboxed
Motorola Moto X Play 16GB,294.0,Black,Grade A+,Working,Unboxed
Motorola Moto X Play 16GB,246.95999999999998,Black,Grade B,Working,Unboxed
Motorola Moto X Play 16GB,211.68,Black,Grade C,Working,Unboxed
Motorola Moto Z 32gb,399.84,Black,Grade B,Working,Unboxed
Motorola Moto Z 32gb,482.15999999999997,Grey,Grade A+,Working,Boxed
Motorola Moto Z 32gb,399.84,Gold,Grade B,Working,Unboxed
Motorola Motorola Moto Z Play Dual Sim,399.84,Black,Grade A,Working,Boxed
Motorola Motorola Moto Z Play Dual Sim,352.8,Black,Grade B,Working,Unboxed
Motorola Nexus 6 32GB XT1100,458.64,Blue,Brand New,Working,Boxed
Motorola Nexus 6 32GB XT1100,376.32,Blue,Grade A+,Working,Boxed
Motorola Nexus 6 64GB XT1100,399.84,Blue,Grade A+,Working,Boxed
Motorola Nexus 6 64GB XT1100,388.08,Blue,Grade A,Working,Boxed
Motorola Symbol N410,35.279999999999994,Black,Grade C,Working,Unboxed
Nokia 225,91.728,Black,Grade A+,Working,Boxed
Nokia 3 16GB DS,23.52,Black,Grade A,Working,Boxed
Nokia 3310 (2017) 3G TA-1006,98.78399999999999,Blue,Grade A+,Working,Boxed
Nokia 3310 (2017) 3G TA-1006,89.376,Black,Grade A,Working,Boxed
Nokia 3310 (2017) 3G TA-1006,98.78399999999999,Yellow,Grade A+,Working,Boxed
Nokia 3310 (2017) 3G TA-1006,98.78399999999999,Red,Grade A+,Working,Boxed
Nokia 3310 (2017) Dual TA-1030,82.32,Blue,Grade A,Working,Unboxed
Nokia 3310 (2017) Dual TA-1030,105.84,Red,Grade A+,Working,Boxed
Nokia 3310 (2017) Dual TA-1030,94.08,Red,Grade A+,Working,Unboxed
Nokia 3310 (2017) Dual TA-1030,105.84,Grey,Grade A+,Working,Boxed
Nokia 3310 (2017) Dual TA-1030,94.08,Grey,Grade A,Working,Boxed
Nokia 3310 (2017) Dual TA-1030,82.32,Orange,Grade A,Working,Unboxed
Nokia 3710 Fold,58.8,Pink,Grade C,Working,Unboxed
Nokia 3710 Fold,58.8,Purple,Grade C,Working,Unboxed
Nokia 5230,42.336,Grey,Grade B,Working,Unboxed
Nokia 5230,35.279999999999994,Grey,Grade C,Working,Unboxed
Nokia 603,39.984,Blue,Grade C,Working,Unboxed
Nokia 603,56.448,Black,Grade A,Working,Unboxed
Nokia 6151,32.928,Black,Grade C,Working,Unboxed
Nokia 6280,44.688,Black,Grade B,Working,Unboxed
Nokia 6300,49.391999999999996,Silver,Grade C,Working,Unboxed
Nokia 6310,65.856,Brown,Grade C,Working,Unboxed
Nokia 6310,65.856,Silver,Grade C,Working,Unboxed
Nokia 6310,65.856,Black,Grade C,Working,Unboxed
Nokia 6310i,75.264,Silver,Grade C,Working,Unboxed
Nokia 6720,58.8,Brown,Grade B,Working,Unboxed
Nokia 6720,47.04,Brown,Grade C,Working,Unboxed
Nokia 7020,47.04,Pink,Grade C,Working,Unboxed
Nokia 7020,47.04,Bronze,Grade C,Working,Unboxed
Nokia 8 64GB,493.91999999999996,Grey,Grade A,Working,Unboxed
Nokia 8 64GB Dual,552.7199999999999,Blue,Grade A,Working,Boxed
Nokia 8 64GB Dual,588.0,Grey,Grade A+,Working,Boxed
Nokia 8 64GB Dual,552.7199999999999,Grey,Grade A+,Working,Unboxed
Nokia 8 64GB Dual,552.7199999999999,Grey,Grade A,Working,Boxed
Nokia 8 64GB Dual,517.4399999999999,Grey,Grade A,Working,Unboxed
Nokia 8 64GB Dual,505.67999999999995,Grey,Grade B,Working,Boxed
Nokia 8 64GB Dual,423.36,Grey,Grade C,Working,Unboxed
Nokia 8800,258.71999999999997,Silver,Grade B,Working,Unboxed
Nokia 8800,211.68,Silver,Grade C,Working,Unboxed
Nokia 8800 Carbon Arte,729.12,Silver,Grade C,Working,Unboxed
Nokia 8800 Sirocco,317.52000000000004,Black,Grade C,Working,Unboxed
Nokia 9300,79.968,Grey,Grade B,Working,Unboxed
Nokia Asha 311,58.8,White,Grade B,Working,Unboxed
Nokia Asha 503,61.152,Black,Grade B,Working,Boxed
Nokia Asha 503,82.32,Yellow,Grade A+,Working,Boxed
Nokia Asha 503,72.91199999999999,Yellow,Grade A,Working,Boxed
Nokia Asha 503,65.856,Yellow,Grade A,Working,Unboxed
Nokia Asha 503,47.04,Yellow,Grade C,Working,Unboxed
Nokia C3-01 Touch and Type,58.8,Grey,Grade B,Working,Unboxed
Nokia C5,70.55999999999999,Black,Grade B,Working,Unboxed
Nokia C5,70.55999999999999,Grey,Grade B,Working,Unboxed
Nokia C5,70.55999999999999,White,Grade B,Working,Unboxed
Nokia C5 5MP,77.61599999999999,Black,Grade B,Working,Unboxed
Nokia C5 5MP,51.74399999999999,Black,Grade C,Working,Unboxed
Nokia C5 5MP,77.61599999999999,Grey,Grade B,Working,Unboxed
Nokia C5-03,47.04,Blue,Grade C,Working,Unboxed
Nokia C5-03,47.04,Grey,Grade C,Working,Unboxed
Nokia C5-03,47.04,White,Grade C,Working,Unboxed
Nokia C6,47.04,Black,Grade B,Working,Unboxed
Nokia C6,42.336,Black,Grade C,Working,Unboxed
Nokia C7,56.448,Silver,Grade C,Working,Unboxed
Nokia C7,56.448,Black,Grade C,Working,Unboxed
Nokia C7,65.856,Grey,Grade B,Working,Unboxed
Nokia E5,70.55999999999999,Black,Grade A,Working,Unboxed
Nokia E5,51.74399999999999,White,Grade B,Working,Unboxed
Nokia E70,32.928,Silver,Grade C,Working,Unboxed
Nokia E71,32.928,Silver,Grade C,Minor Fault,Unboxed
Nokia E72,51.74399999999999,Grey,Grade C,Working,Unboxed
Nokia E72,51.74399999999999,Gold,Grade C,Working,Unboxed
Nokia E90,176.4,Brown,Grade C,Working,Unboxed
Nokia Lumia 1020,164.64,Black,Grade C,Working,Unboxed
Nokia Lumia 1320,211.68,Orange,Grade B,Working,Unboxed
Nokia Lumia 1520,223.43999999999997,Yellow,Grade B,Working,Unboxed
Nokia Lumia 520,82.32,Black,Grade A,Working,Unboxed
Nokia Lumia 520,94.08,Yellow,Grade A,Working,Boxed
Nokia Lumia 530,70.55999999999999,Black,Grade B,Working,Boxed
Nokia Lumia 530,58.8,Black,Grade B,Working,Unboxed
Nokia Lumia 530,47.04,Black,Grade C,Working,Unboxed
Nokia Lumia 610,105.84,Black,Brand New,Working,Boxed
Nokia Lumia 610,94.08,Black,Grade A+,Working,Boxed
Nokia Lumia 610,35.279999999999994,Black,Grade C,Working,Unboxed
Nokia Lumia 610,105.84,White,Brand New,Working,Boxed
Nokia Lumia 610,82.32,White,Grade A+,Working,Unboxed
Nokia Lumia 620,51.74399999999999,Black,Grade B,Working,Unboxed
Nokia Lumia 620,51.74399999999999,Yellow,Grade B,Working,Unboxed
Nokia Lumia 620,51.74399999999999,White,Grade B,Working,Unboxed
Nokia Lumia 620,51.74399999999999,Green,Grade B,Working,Unboxed
Nokia Lumia 625,70.55999999999999,Black,Grade A,Working,Unboxed
Nokia Lumia 625,70.55999999999999,Black,Grade B,Working,Unboxed
Nokia Lumia 625,94.08,White,Grade A+,Working,Unboxed
Nokia Lumia 625,70.55999999999999,White,Grade A,Working,Unboxed
Nokia Lumia 625,94.08,White,Grade B,Working,Boxed
Nokia Lumia 625,70.55999999999999,White,Grade B,Working,Unboxed
Nokia Lumia 625,94.08,Green,Grade A+,Working,Unboxed
Nokia Lumia 625,94.08,Orange,Grade A+,Working,Unboxed
Nokia Lumia 625,94.08,Orange,Grade B,Working,Boxed
Nokia Lumia 625,70.55999999999999,Orange,Grade B,Working,Unboxed
Nokia Lumia 630,84.672,Black,Grade A,Working,Boxed
Nokia Lumia 630,82.32,White,Grade A+,Working,Unboxed
Nokia Lumia 630,84.672,Green,Grade A,Working,Boxed
Nokia Lumia 630,82.32,Orange,Grade A+,Working,Unboxed
Nokia Lumia 630,84.672,Orange,Grade A,Working,Boxed
Nokia Lumia 635,51.74399999999999,Blue,Grade C,Working,Unboxed
Nokia Lumia 635,82.32,Black,Grade A+,Working,Unboxed
Nokia Lumia 635,70.55999999999999,Black,Grade A,Working,Unboxed
Nokia Lumia 635,61.152,Black,Grade B,Working,Unboxed
Nokia Lumia 635,51.74399999999999,Black,Grade C,Working,Unboxed
Nokia Lumia 635,70.55999999999999,White,Grade A,Working,Unboxed
Nokia Lumia 635,82.32,Green,Grade A+,Working,Unboxed
Nokia Lumia 635,82.32,Green,Grade A,Working,Boxed
Nokia Lumia 635,70.55999999999999,Green,Grade A,Working,Unboxed
Nokia Lumia 635,82.32,Orange,Grade A+,Working,Unboxed
Nokia Lumia 635,70.55999999999999,Orange,Grade A,Working,Unboxed
Nokia Lumia 710,44.688,Black,Grade C,Working,Unboxed
Nokia Lumia 720,89.376,Blue,Grade B,Working,Boxed
Nokia Lumia 720,75.264,Black,Grade B,Working,Unboxed
Nokia Lumia 720,89.376,Red,Grade B,Working,Boxed
Nokia Lumia 735,129.35999999999999,Black,Grade A+,Working,Unboxed
Nokia Lumia 735,112.896,Black,Grade A,Working,Unboxed
Nokia Lumia 735,105.84,Black,Grade B,Working,Boxed
Nokia Lumia 735,89.376,Black,Grade B,Working,Unboxed
Nokia Lumia 735,70.55999999999999,Black,Grade C,Working,Unboxed
Nokia Lumia 735,89.376,White,Grade B,Working,Unboxed
Nokia Lumia 735,70.55999999999999,White,Grade C,Working,Unboxed
Nokia Lumia 735,56.448,White,Grade C,Minor Fault,Unboxed
Nokia Lumia 735,70.55999999999999,Green,Grade C,Working,Unboxed
Nokia Lumia 735,70.55999999999999,Orange,Grade C,Working,Unboxed
Nokia Lumia 800,68.208,Blue,Grade B,Working,Unboxed
Nokia Lumia 800,68.208,Pink,Grade B,Working,Unboxed
Nokia Lumia 800,79.968,Black,Grade B,Working,Boxed
Nokia Lumia 800,68.208,Black,Grade B,Working,Unboxed
Nokia Lumia 800,68.208,White,Grade B,Working,Unboxed
Nokia Lumia 820,68.208,Purple,Grade C,Working,Unboxed
Nokia Lumia 820,112.896,Black,Grade A,Working,Boxed
Nokia Lumia 820,79.968,Black,Grade B,Working,Unboxed
Nokia Lumia 820,68.208,Black,Grade C,Working,Unboxed
Nokia Lumia 820,54.096,Black,Grade C,Minor Fault,Unboxed
Nokia Lumia 820,56.448,Yellow,Grade B,Minor Fault,Unboxed
Nokia Lumia 820,56.448,Red,Grade B,Minor Fault,Unboxed
Nokia Lumia 820,68.208,Red,Grade C,Working,Unboxed
Nokia Lumia 820,68.208,Grey,Grade C,Working,Unboxed
Nokia Lumia 820,68.208,White,Grade C,Working,Unboxed
Nokia Lumia 830,282.23999999999995,Black,Brand New,Working,Boxed
Nokia Lumia 830,152.88,Black,Grade B,Working,Boxed
Nokia Lumia 830,129.35999999999999,Black,Grade B,Working,Unboxed
Nokia Lumia 830,82.32,Black,Grade B,Minor Fault,Unboxed
Nokia Lumia 830,105.84,Black,Grade C,Working,Unboxed
Nokia Lumia 830,70.55999999999999,Black,Grade C,Minor Fault,Unboxed
Nokia Lumia 830,89.376,White,Grade A,Minor Fault,Unboxed
Nokia Lumia 830,82.32,White,Grade B,Minor Fault,Unboxed
Nokia Lumia 830,105.84,White,Grade C,Working,Unboxed
Nokia Lumia 830,70.55999999999999,White,Grade C,Minor Fault,Unboxed
Nokia Lumia 830,70.55999999999999,White,Grade C,Minor Fault,Unboxed
Nokia Lumia 830,105.84,Green,Grade C,Working,Unboxed
Nokia Lumia 830,70.55999999999999,Green,Grade C,Minor Fault,Unboxed
Nokia Lumia 830,70.55999999999999,Orange,Grade C,Minor Fault,Unboxed
Nokia Lumia 900,94.08,Blue,Grade B,Working,Unboxed
Nokia Lumia 900,141.11999999999998,Black,Grade A+,Working,Unboxed
Nokia Lumia 900,94.08,Black,Grade B,Working,Unboxed
Nokia Lumia 920,141.11999999999998,Black,Grade A+,Working,Unboxed
Nokia Lumia 920,141.11999999999998,Black,Grade A,Working,Boxed
Nokia Lumia 920,117.6,Black,Grade B,Working,Boxed
Nokia Lumia 920,70.55999999999999,Black,Grade C,Working,Unboxed
Nokia Lumia 920,141.11999999999998,Yellow,Grade A+,Working,Unboxed
Nokia Lumia 920,141.11999999999998,Yellow,Grade A,Working,Boxed
Nokia Lumia 920,94.08,Yellow,Grade B,Working,Unboxed
Nokia Lumia 920,70.55999999999999,Yellow,Grade C,Working,Unboxed
Nokia Lumia 920,141.11999999999998,Red,Grade A,Working,Boxed
Nokia Lumia 920,117.6,Red,Grade B,Working,Boxed
Nokia Lumia 920,70.55999999999999,Red,Grade C,Working,Unboxed
Nokia Lumia 920,141.11999999999998,White,Grade A,Working,Boxed
Nokia Lumia 920,117.6,White,Grade B,Working,Boxed
Nokia Lumia 920,94.08,White,Grade B,Working,Unboxed
Nokia Lumia 925,82.32,Black,Grade C,Working,Unboxed
Nokia Lumia 925,68.208,Black,Grade C,Minor Fault,Unboxed
Nokia Lumia 925,82.32,Grey,Grade C,Working,Unboxed
Nokia Lumia 925,105.84,White,Grade B,Working,Unboxed
Nokia Lumia 925,82.32,White,Grade C,Working,Unboxed
Nokia Lumia 930,129.35999999999999,Black,Grade C,Working,Unboxed
Nokia Lumia 930,235.2,White,Grade A+,Working,Unboxed
Nokia Lumia 930,129.35999999999999,White,Grade C,Working,Unboxed
Nokia Lumia 930,235.2,Green,Grade A+,Working,Unboxed
Nokia Lumia 930,235.2,Green,Grade A,Working,Boxed
Nokia Lumia 930,94.08,Green,Grade C,Minor Fault,Unboxed
Nokia Lumia 930,235.2,Orange,Grade A+,Working,Unboxed
Nokia Lumia 930,176.4,Orange,Grade B,Working,Unboxed
Nokia N73,35.279999999999994,Brown,Grade C,Working,Unboxed
Nokia N8,82.32,Black,Grade A,Working,Unboxed
Nokia N8,65.856,Grey,Grade B,Working,Unboxed
Nokia N93,61.152,Black,Grade B,Working,Unboxed
Nokia N95,37.632,Purple,Grade C,Working,Unboxed
Nokia N95 8GB,42.336,Black,Grade C,Working,Unboxed
OnePlus 3 64GB,223.43999999999997,Silver,Grade C,Minor Fault,Unboxed
OnePlus 3 64GB,388.08,Grey,Grade B,Working,Unboxed
OnePlus 3T 64gb,540.96,Grey,Grade C,Working,Unboxed
OnePlus 3T 64gb,470.4,Grey,Grade C,Minor Fault,Unboxed
OnePlus 3T 64gb,470.4,Grey,Grade C,Minor Fault,Unboxed
OnePlus 3T 64gb,470.4,Gold,Grade C,Minor Fault,Unboxed
OnePlus 5 64GB,682.0799999999999,Grey,Grade C,Working,Unboxed
OnePlus 5T 128GB,999.5999999999999,Black,Grade A+,Working,Boxed
OnePlus 5T 128GB,952.56,Black,Grade A,Working,Boxed
OnePlus 5T 128GB,858.4799999999999,Black,Grade B,Working,Unboxed
OnePlus 5T 128GB,823.1999999999999,Black,Grade C,Working,Unboxed
OnePlus 5T 128GB Star Wars Special Edition,1070.1599999999999,White,Grade A+,Working,Boxed
OnePlus One 64GB,282.23999999999995,Black,Grade C,Working,Unboxed
OnePlus One 64GB,282.23999999999995,Grey,Grade C,Working,Unboxed
Panasonic KX-PRXA15EX,141.11999999999998,Black,Grade A,Working,Boxed
Samsung Ativ S I8750,136.416,Silver,Grade A+,Working,Unboxed
Samsung Ativ S I8750,127.008,Silver,Grade A,Working,Boxed
Samsung Ativ S I8750,61.152,Grey,Grade C,Working,Unboxed
Samsung B2710,65.856,Copper,Grade C,Working,Unboxed
Samsung B2710,65.856,Black,Grade C,Working,Unboxed
Samsung C260,30.576,Red,Grade C,Working,Unboxed
Samsung E1150,35.279999999999994,Silver,Grade C,Working,Unboxed
Samsung E1150,35.279999999999994,Red,Grade C,Working,Unboxed
Samsung E1270,39.984,Black,Grade C,Working,Unboxed
Samsung E2370,35.279999999999994,Black,Grade C,Working,Unboxed
Samsung E250,37.632,Black,Grade A+,Working,Unboxed
Samsung Galaxy A3 (2016) A310F,282.23999999999995,Black,Grade A+,Working,Unboxed
Samsung Galaxy A3 (2016) A310F,258.71999999999997,Black,Grade A,Working,Unboxed
Samsung Galaxy A3 (2016) A310F,235.2,Black,Grade B,Working,Unboxed
Samsung Galaxy A3 (2016) A310F,317.52000000000004,Gold,Grade A+,Working,Boxed
Samsung Galaxy A3 (2016) A310F,282.23999999999995,Gold,Grade A+,Working,Unboxed
Samsung Galaxy A3 (2016) A310F,258.71999999999997,Gold,Grade A,Working,Unboxed
Samsung Galaxy A3 (2016) A310F,270.48,Gold,Grade B,Working,Boxed
Samsung Galaxy A3 (2016) A310F,235.2,Gold,Grade B,Working,Unboxed
Samsung Galaxy A3 (2016) A310F,188.16,Gold,Grade C,Working,Unboxed
Samsung Galaxy A3 A300FU,199.92,Gold,Grade A+,Working,Unboxed
Samsung Galaxy A5 (2016) A510F,294.0,Black,Grade C+,Working,Unboxed
Samsung Galaxy A5 (2016) A510F,388.08,White,Grade A,Working,Boxed
Samsung Galaxy A5 (2016) A510F,352.8,Gold,Grade A,Working,Unboxed
Samsung Galaxy A5 (2017) A520F,411.59999999999997,Pink,Grade A+,Working,Unboxed
Samsung Galaxy A5 (2017) A520F,376.32,Pink,Grade B,Working,Unboxed
Samsung Galaxy A5 (2017) A520F,376.32,Black,Grade B,Working,Unboxed
Samsung Galaxy A5 (2017) A520F,282.23999999999995,Black,Grade C,Minor Fault,Unboxed
Samsung Galaxy A5 (2017) A520F,376.32,Gold,Grade B,Working,Unboxed
Samsung Galaxy A5 A500FU,244.608,Black,Grade A,Working,Unboxed
Samsung Galaxy A5 A500FU,223.43999999999997,Black,Grade B,Working,Unboxed
Samsung Galaxy A5 A500FU,176.4,Black,Grade C,Working,Unboxed
Samsung Galaxy A5 A500FU,244.608,White,Grade A,Working,Unboxed
Samsung Galaxy A5 A500FU,223.43999999999997,White,Grade B,Working,Unboxed
Samsung Galaxy A5 A500FU,176.4,White,Grade C,Working,Unboxed
Samsung Galaxy Ace S5830,70.55999999999999,Black,Grade B,Working,Unboxed
Samsung Galaxy Core Plus G3500,129.35999999999999,White,Grade A,Working,Unboxed
Samsung Galaxy Core Prime Value Edition G361F,23.52,White,Grade A+,Working,Boxed
Samsung Galaxy Europa i5500,35.279999999999994,Black,Grade C,Working,Unboxed
Samsung Galaxy Express i8730,152.88,White,Grade A,Working,Unboxed
Samsung Galaxy Express i8730,129.35999999999999,White,Grade B,Working,Unboxed
Samsung Galaxy Fame Duos S6812,84.672,Blue,Grade B,Working,Unboxed
Samsung Galaxy Fame S6810,108.192,White,Grade A+,Working,Unboxed
Samsung Galaxy Fame S6810,96.432,White,Grade A,Working,Unboxed
Samsung Galaxy Gio S5660,54.096,Black,Grade C,Working,Unboxed
Samsung Galaxy Grand i9082,152.88,White,Grade B,Working,Unboxed
Samsung Galaxy J1 (2016),164.64,Black,Grade C,Working,Unboxed
Samsung Galaxy J5 (2016) J510FN,258.71999999999997,Black,Grade A,Working,Unboxed
Samsung Galaxy J5 (2016) J510FN,246.95999999999998,Black,Grade B,Working,Unboxed
Samsung Galaxy J5 (2016) J510FN,223.43999999999997,Black,Grade C,Working,Unboxed
Samsung Galaxy J5 (2016) J510FN,235.2,White,Grade C+,Working,Unboxed
Samsung Galaxy J5 (2016) J510FN,246.95999999999998,Gold,Grade B,Working,Unboxed
Samsung Galaxy J5 (2016) J510FN,223.43999999999997,Gold,Grade C,Working,Unboxed
Samsung Galaxy Mini S5570,44.688,Lime,Grade C,Working,Unboxed
Samsung Galaxy Mini S5570,58.8,Black,Grade B,Working,Unboxed
Samsung Galaxy Mini S5570,44.688,Black,Grade C,Working,Unboxed
Samsung Galaxy Mini S5570,23.52,Black,Grade C,Minor Fault,Unboxed
Samsung Galaxy Mini S5570,101.136,White,Brand New,Working,Boxed
Samsung Galaxy Mini S5570,44.688,White,Grade C,Working,Unboxed
Samsung Galaxy Mini S5570,44.688,Green,Grade C,Working,Unboxed
Samsung Galaxy Note 3 N9005,246.95999999999998,Black,Grade C,Working,Unboxed
Samsung Galaxy Note 4 N910F,411.59999999999997,White,Grade A,Working,Unboxed
Samsung Galaxy Note 8 64GB N950F,1081.92,Black,Grade C+,Working,Unboxed
Samsung Galaxy Note Edge 32GB N915FY,493.91999999999996,Black,Grade C,Working,Unboxed
Samsung Galaxy Note II N7100,235.2,Grey,Grade C,Working,Unboxed
Samsung Galaxy Note N7000,164.64,Black,Grade B,Working,Unboxed
Samsung Galaxy Pocket Neo S5310,56.448,Grey,Grade C,Working,Unboxed
Samsung Galaxy Pocket Neo S5312,82.32,White,Grade B,Working,Unboxed
Samsung Galaxy Pocket Plus S5301,47.04,Blue,Grade C,Working,Unboxed
Samsung Galaxy Pocket Plus S5301,61.152,Pink,Grade B,Working,Unboxed
Samsung Galaxy Pocket Plus S5301,61.152,Black,Grade B,Working,Unboxed
Samsung Galaxy Pocket Plus S5301,47.04,Black,Grade C,Working,Unboxed
Samsung Galaxy Pocket Plus S5301,47.04,White,Grade C,Working,Unboxed
Samsung Galaxy Pocket S5300,39.984,Black,Grade C,Working,Unboxed
Samsung Galaxy S Advance i9070,98.78399999999999,Black,Grade B,Working,Unboxed
Samsung Galaxy S II i9100,94.08,Pink,Grade C,Working,Unboxed
Samsung Galaxy S II i9100,129.35999999999999,Black,Grade A,Working,Unboxed
Samsung Galaxy S II i9100,117.6,Black,Grade B,Working,Unboxed
Samsung Galaxy S II i9100,94.08,Black,Grade C,Working,Unboxed
Samsung Galaxy S II i9100,117.6,White,Grade B,Working,Unboxed
Samsung Galaxy S II i9100,94.08,White,Grade C,Working,Unboxed
Samsung Galaxy S II i9105,129.35999999999999,Blue,Grade A,Working,Unboxed
Samsung Galaxy S II i9105,117.6,Black,Grade B,Working,Unboxed
Samsung Galaxy S II i9105,94.08,White,Grade C,Working,Unboxed
Samsung Galaxy S III i9300,164.64,Blue,Grade B,Working,Unboxed
Samsung Galaxy S III i9300,124.65599999999999,Blue,Grade C,Minor Fault,Unboxed
Samsung Galaxy S III i9300,124.65599999999999,Blue,Grade C,Minor Fault,Unboxed
Samsung Galaxy S III i9305,223.43999999999997,Black,Grade A+,Working,Unboxed
Samsung Galaxy S III i9305,164.64,Black,Grade B,Working,Unboxed
Samsung Galaxy S III i9305,164.64,White,Grade B,Working,Unboxed
Samsung Galaxy S III i9305,117.6,White,Grade C,Minor Fault,Unboxed
Samsung Galaxy S III Mini i8190,117.6,Blue,Grade B,Working,Unboxed
Samsung Galaxy S III Mini i8190,79.968,Grey,Grade C,Minor Fault,Unboxed
Samsung Galaxy S III Mini i8190,79.968,White,Grade C,Minor Fault,Unboxed
Samsung Galaxy S III Mini i8200,152.88,Blue,Grade A+,Working,Unboxed
Samsung Galaxy S III Mini i8200,105.84,Blue,Grade C,Working,Unboxed
Samsung Galaxy S III Mini i8200,117.6,White,Grade B,Working,Unboxed
Samsung Galaxy S III Mini i8200,105.84,White,Grade C,Working,Unboxed
Samsung Galaxy S III Neo I9301I,152.88,Blue,Grade C,Working,Unboxed
Samsung Galaxy S III Neo I9301I,152.88,Black,Grade C,Working,Unboxed
Samsung Galaxy S Plus i9001,91.728,Black,Grade B,Working,Unboxed
Samsung Galaxy S Plus i9001,91.728,White,Grade B,Working,Unboxed
Samsung Galaxy S4 Active i9295,176.4,Blue,Grade B,Working,Unboxed
Samsung Galaxy S4 Active i9295,152.88,Blue,Grade C,Working,Unboxed
Samsung Galaxy S4 Active i9295,211.68,Grey,Grade A,Working,Unboxed
Samsung Galaxy S4 Active i9295,152.88,Grey,Grade C,Working,Unboxed
Samsung Galaxy S4 i9500,239.90399999999997,Black,Grade A,Working,Boxed
Samsung Galaxy S4 i9500,199.92,White,Grade B,Working,Boxed
Samsung Galaxy S4 i9505,246.95999999999998,Black,Grade A,Working,Boxed
Samsung Galaxy S4 i9505,206.97599999999997,Black,Grade B,Working,Boxed
Samsung Galaxy S4 i9505,152.88,Black,Grade B,Minor Fault,Boxed
Samsung Galaxy S4 i9505,159.936,Black,Grade C,Working,Unboxed
Samsung Galaxy S4 i9505,159.936,White,Grade C,Working,Unboxed
Samsung Galaxy S4 i9506,159.936,Brown,Grade C,Working,Unboxed
Samsung Galaxy S4 i9506,270.48,Black,Grade A+,Working,Boxed
Samsung Galaxy S4 i9506,246.95999999999998,Black,Grade A,Working,Boxed
Samsung Galaxy S4 i9506,223.43999999999997,Black,Grade A,Working,Unboxed
Samsung Galaxy S4 i9506,159.936,Black,Grade C,Working,Unboxed
Samsung Galaxy S4 i9506,159.936,White,Grade C,Working,Unboxed
Samsung Galaxy S4 i9515,23.52,Black,Grade A,Working,Unboxed
Samsung Galaxy S5 16GB G900F,282.23999999999995,Blue,Grade A,Working,Unboxed
Samsung Galaxy S5 16GB G900F,282.23999999999995,Blue,Grade B,Working,Boxed
Samsung Galaxy S5 16GB G900F,199.92,Blue,Grade C,Working,Unboxed
Samsung Galaxy S5 16GB G900F,223.43999999999997,Black,Grade C+,Working,Unboxed
Samsung Galaxy S5 16GB G900F,305.76,Black,Grade A,Working,Boxed
Samsung Galaxy S5 16GB G900F,282.23999999999995,Black,Grade A,Working,Unboxed
Samsung Galaxy S5 16GB G900F,282.23999999999995,Black,Grade B,Working,Boxed
Samsung Galaxy S5 16GB G900F,258.71999999999997,Black,Grade B,Working,Unboxed
Samsung Galaxy S5 16GB G900F,199.92,Black,Grade C,Working,Unboxed
Samsung Galaxy S5 16GB G900F,223.43999999999997,White,Grade C+,Working,Unboxed
Samsung Galaxy S5 16GB G900F,329.28,White,Grade A+,Working,Unboxed
Samsung Galaxy S5 16GB G900F,305.76,White,Grade A,Working,Boxed
Samsung Galaxy S5 16GB G900F,282.23999999999995,White,Grade B,Working,Boxed
Samsung Galaxy S5 16GB G900F,258.71999999999997,White,Grade B,Working,Unboxed
Samsung Galaxy S5 16GB G900F,199.92,White,Grade C,Working,Unboxed
Samsung Galaxy S5 16GB G900F,223.43999999999997,Gold,Grade C+,Working,Unboxed
Samsung Galaxy S5 16GB G900F,282.23999999999995,Gold,Grade A,Working,Unboxed
Samsung Galaxy S5 16GB G900F,282.23999999999995,Gold,Grade B,Working,Boxed
Samsung Galaxy S5 16GB G900F,258.71999999999997,Gold,Grade B,Working,Unboxed
Samsung Galaxy S5 32GB G900F,364.56,Black,Grade A+,Working,Unboxed
Samsung Galaxy S5 32GB G900F,235.2,Black,Grade C,Working,Unboxed
Samsung Galaxy S5 32GB G900F,235.2,White,Grade C,Working,Unboxed
Samsung Galaxy S5 32GB G900F,317.52000000000004,Gold,Grade A,Working,Unboxed
Samsung Galaxy S5 32GB G900F,235.2,Gold,Grade C,Working,Unboxed
Samsung Galaxy S5 Active G870F,258.71999999999997,Grey,Grade A+,Minor Fault,Boxed
Samsung Galaxy S5 Active G870F,223.43999999999997,Grey,Grade C,Working,Unboxed
Samsung Galaxy S5 Active G870F,223.43999999999997,Green,Grade C,Working,Unboxed
Samsung Galaxy S5 LTE 16GB G901F,341.03999999999996,Blue,Grade A+,Working,Unboxed
Samsung Galaxy S5 LTE 16GB G901F,246.95999999999998,Black,Grade C+,Working,Unboxed
Samsung Galaxy S5 LTE 16GB G901F,211.68,Black,Grade A,Minor Fault,Unboxed
Samsung Galaxy S5 LTE 16GB G901F,282.23999999999995,Black,Grade B,Working,Unboxed
Samsung Galaxy S5 LTE 16GB G901F,223.43999999999997,Black,Grade C,Working,Unboxed
Samsung Galaxy S5 LTE 16GB G901F,246.95999999999998,White,Grade C+,Working,Unboxed
Samsung Galaxy S5 LTE 16GB G901F,341.03999999999996,White,Grade A+,Working,Unboxed
Samsung Galaxy S5 LTE 16GB G901F,305.76,White,Grade A,Working,Unboxed
Samsung Galaxy S5 LTE 16GB G901F,305.76,White,Grade B,Working,Boxed
Samsung Galaxy S5 LTE 16GB G901F,223.43999999999997,White,Grade C,Working,Unboxed
Samsung Galaxy S5 LTE 16GB G901F,341.03999999999996,Gold,Grade A+,Working,Unboxed
Samsung Galaxy S5 Neo G903F,305.76,Silver,Grade A,Working,Boxed
Samsung Galaxy S5 Neo G903F,218.736,Black,Grade C+,Working,Unboxed
Samsung Galaxy S5 Neo G903F,305.76,Black,Grade A,Working,Boxed
Samsung Galaxy S5 Neo G903F,282.23999999999995,Black,Grade A,Working,Unboxed
Samsung Galaxy S5 Neo G903F,282.23999999999995,Black,Grade B,Working,Boxed
Samsung Galaxy S5 Neo G903F,258.71999999999997,Black,Grade B,Working,Unboxed
Samsung Galaxy S5 Neo G903F,282.23999999999995,Grey,Grade A,Working,Unboxed
Samsung Galaxy S5 Neo G903F,218.736,Gold,Grade C+,Working,Unboxed
Samsung Galaxy S5 Neo G903F,329.28,Gold,Grade A+,Working,Unboxed
Samsung Galaxy S5 Neo G903F,305.76,Gold,Grade A,Working,Boxed
Samsung Galaxy S5 Neo G903F,282.23999999999995,Gold,Grade A,Working,Unboxed
Samsung Galaxy S5 Neo G903F,282.23999999999995,Gold,Grade B,Working,Boxed
Samsung Galaxy S5 Neo G903F,258.71999999999997,Gold,Grade B,Working,Unboxed
Samsung Galaxy S6 128GB G920,729.12,White,Brand New,Working,Boxed
Samsung Galaxy S6 32GB G920,352.8,Blue,Grade B,Working,Unboxed
Samsung Galaxy S6 32GB G920,294.0,Blue,Grade C,Working,Unboxed
Samsung Galaxy S6 32GB G920,317.52000000000004,Black,Grade C+,Working,Unboxed
Samsung Galaxy S6 32GB G920,493.91999999999996,Black,Grade A+,Working,Boxed
Samsung Galaxy S6 32GB G920,458.64,Black,Grade A+,Working,Unboxed
Samsung Galaxy S6 32GB G920,411.59999999999997,Black,Grade A,Working,Unboxed
Samsung Galaxy S6 32GB G920,352.8,Black,Grade B,Working,Unboxed
Samsung Galaxy S6 32GB G920,235.2,Black,Grade C,Minor Fault,Unboxed
Samsung Galaxy S6 32GB G920,458.64,White,Grade A+,Working,Unboxed
Samsung Galaxy S6 32GB G920,317.52000000000004,Gold,Grade C+,Working,Unboxed
Samsung Galaxy S6 32GB G920,458.64,Gold,Grade A+,Working,Unboxed
Samsung Galaxy S6 32GB G920,388.08,Gold,Grade B,Working,Boxed
Samsung Galaxy S6 32GB G920,352.8,Gold,Grade B,Working,Unboxed
Samsung Galaxy S6 32GB G920,294.0,Gold,Grade C,Working,Unboxed
Samsung Galaxy S6 64GB G920,388.08,White,Grade B,Working,Unboxed
Samsung Galaxy S6 Edge 32GB G925,376.32,Black,Grade C+,Working,Unboxed
Samsung Galaxy S6 Edge 32GB G925,505.67999999999995,Black,Grade A,Working,Unboxed
Samsung Galaxy S6 Edge 32GB G925,406.89599999999996,Black,Grade B,Working,Unboxed
Samsung Galaxy S6 Edge 32GB G925,376.32,White,Grade C+,Working,Unboxed
Samsung Galaxy S6 Edge 32GB G925,406.89599999999996,White,Grade B,Working,Unboxed
Samsung Galaxy S6 Edge 32GB G925,505.67999999999995,Gold,Grade A,Working,Unboxed
Samsung Galaxy S6 Edge 32GB G925,406.89599999999996,Gold,Grade B,Working,Unboxed
Samsung Galaxy S6 Edge 32GB G925,406.89599999999996,Green,Grade B,Working,Unboxed
Samsung Galaxy S6 Edge 64GB G925,529.1999999999999,Black,Grade A,Working,Unboxed
Samsung Galaxy S6 Edge 64GB G925,435.11999999999995,Black,Grade B,Working,Unboxed
Samsung Galaxy S6 Edge 64GB G925,364.56,Black,Grade C,Working,Unboxed
Samsung Galaxy S6 Edge 64GB G925,529.1999999999999,White,Grade A,Working,Unboxed
Samsung Galaxy S6 Edge 64GB G925,529.1999999999999,Gold,Grade A,Working,Unboxed
Samsung Galaxy S6 Edge+ 32GB G928,729.12,Black,Brand New,Working,Boxed
Samsung Galaxy S6 Edge+ 32GB G928,635.0400000000001,Black,Grade A+,Working,Boxed
Samsung Galaxy S6 Edge+ 64GB G928,776.16,Black,Brand New,Working,Boxed
Samsung Galaxy S6 Edge+ 64GB G928,470.4,Black,Grade C,Working,Unboxed
Samsung Galaxy S6 Edge+ 64GB G928,776.16,Gold,Brand New,Working,Boxed
Samsung Galaxy S7 32GB G930F,423.36,Black,Grade C+,Working,Unboxed
Samsung Galaxy S7 32GB G930F,588.0,Black,Grade A+,Working,Unboxed
Samsung Galaxy S7 32GB G930F,399.84,Black,Grade C,Working,Unboxed
Samsung Galaxy S7 32GB G930F,599.76,Gold,Grade A,Working,Boxed
Samsung Galaxy S7 Edge 32GB G935F,776.16,Pink,Grade A+,Working,Boxed
Samsung Galaxy S7 Edge 32GB G935F,729.12,Black,Grade A+,Working,Unboxed
Samsung Galaxy S7 Edge 64GB G935F,752.64,Black,Grade A+,Working,Unboxed
Samsung Galaxy S8 64GB G950F,893.7599999999999,Pink,Grade A+,Working,Boxed
Samsung Galaxy S8 64GB G950F,858.4799999999999,Silver,Grade A+,Working,Unboxed
Samsung Galaxy S8 64GB G950F,870.2399999999999,Silver,Grade A,Working,Boxed
Samsung Galaxy S8 64GB G950F,740.88,Silver,Grade C,Working,Unboxed
Samsung Galaxy S8 64GB G950F,764.4,Black,Grade C+,Working,Unboxed
Samsung Galaxy S8 64GB G950F,893.7599999999999,Black,Grade A+,Working,Boxed
Samsung Galaxy S8 64GB G950F,858.4799999999999,Black,Grade A+,Working,Unboxed
Samsung Galaxy S8 64GB G950F,870.2399999999999,Black,Grade A,Working,Boxed
Samsung Galaxy S8 64GB G950F,834.9599999999999,Black,Grade A,Working,Unboxed
Samsung Galaxy S8 64GB G950F,740.88,Black,Grade C,Working,Unboxed
Samsung Galaxy S8 64GB G950F,858.4799999999999,Grey,Grade A+,Working,Unboxed
Samsung Galaxy S8 64GB G950F,870.2399999999999,Grey,Grade A,Working,Boxed
Samsung Galaxy S8 64GB G950F,740.88,Grey,Grade C,Working,Unboxed
Samsung Galaxy S8 64GB G950F,693.84,Grey,Grade C,Minor Fault,Unboxed
Samsung Galaxy S8 Plus 64GB G955F,1058.3999999999999,Pink,Grade A+,Working,Boxed
Samsung Galaxy S8 Plus 64GB G955F,976.0799999999999,Pink,Grade B,Working,Boxed
Samsung Galaxy S8 Plus 64GB G955F,1058.3999999999999,Silver,Grade A+,Working,Boxed
Samsung Galaxy S8 Plus 64GB G955F,1023.12,Silver,Grade A+,Working,Unboxed
Samsung Galaxy S8 Plus 64GB G955F,834.9599999999999,Silver,Grade C,Working,Unboxed
Samsung Galaxy S8 Plus 64GB G955F,882.0,Black,Grade C+,Working,Unboxed
Samsung Galaxy S8 Plus 64GB G955F,1023.12,Black,Grade A+,Working,Unboxed
Samsung Galaxy S8 Plus 64GB G955F,834.9599999999999,Black,Grade C,Working,Unboxed
Samsung Galaxy S8 Plus 64GB G955F,882.0,Grey,Grade C+,Working,Unboxed
Samsung Galaxy S8 Plus 64GB G955F,1058.3999999999999,Grey,Grade A+,Working,Boxed
Samsung Galaxy S8 Plus 64GB G955F,976.0799999999999,Grey,Grade B,Working,Boxed
Samsung Galaxy S8 Plus 64GB G955F,834.9599999999999,Grey,Grade C,Working,Unboxed
Samsung Galaxy S9 64GB G960F DS,1081.92,Purple,Grade A+,Working,Boxed
Samsung Galaxy S9 64GB G960F DS,1081.92,Black,Grade A+,Working,Boxed
Samsung Galaxy S9 Plus 64GB G965F,1293.6,Black,Grade A+,Working,Boxed
Samsung Galaxy S9 Plus 64GB G965F DS,1317.12,Black,Grade A+,Working,Boxed
Samsung Galaxy Trend 3 CDMA G3509,117.6,Grey,Grade B,Working,Unboxed
Samsung Galaxy Trend S7560,117.6,Black,Grade A,Working,Boxed
Samsung Galaxy Trend S7560,23.52,White,Grade A+,Working,Boxed
Samsung Galaxy Trend S7560,101.136,White,Grade B,Working,Boxed
Samsung Galaxy Xcover 2 S7710,112.896,Red,Grade A,Working,Unboxed
Samsung Galaxy Xcover 2 S7710,141.11999999999998,Grey,Grade A+,Working,Unboxed
Samsung Galaxy Xcover 2 S7710,94.08,Grey,Grade B,Working,Unboxed
Samsung Galaxy Xcover 2 S7710,82.32,Grey,Grade C,Working,Unboxed
Samsung Galaxy Xcover 2 S7710,58.8,Grey,Grade C,Minor Fault,Unboxed
Samsung Galaxy Xcover 2 S7710,58.8,Grey,Grade C,Minor Fault,Unboxed
Samsung Galaxy Xcover 3 G388F,141.11999999999998,Grey,Grade B,Minor Fault,Unboxed
Samsung Galaxy Xcover 3 G388F,141.11999999999998,Grey,Grade C,Working,Unboxed
Samsung Galaxy Xcover 3 Value Edition G389F,117.6,Grey,Grade B,Minor Fault,Unboxed
Samsung Galaxy Xcover 3 Value Edition G389F,141.11999999999998,Grey,Grade C,Working,Unboxed
Samsung Galaxy Xcover 4 G390F,341.03999999999996,Black,Grade A+,Working,Boxed
Samsung Galaxy Xcover 4 G390F,294.0,Black,Grade A,Working,Unboxed
Samsung Galaxy Xcover B550H,129.35999999999999,Grey,Grade B,Working,Boxed
Samsung Galaxy Xcover B550H,51.74399999999999,Grey,Grade C,Minor Fault,Unboxed
Samsung Galaxy Xcover S5690,87.02399999999999,Copper,Grade A,Working,Unboxed
Samsung Galaxy Xcover S5690,87.02399999999999,Copper,Grade B,Working,Boxed
Samsung Galaxy Xcover S5690,75.264,Copper,Grade B,Working,Unboxed
Samsung Galaxy Xcover S5690,56.448,Copper,Grade B,Minor Fault,Unboxed
Samsung Galaxy Xcover S5690,63.504,Copper,Grade C,Working,Unboxed
Samsung Galaxy Xcover S5690,94.08,Grey,Grade A+,Working,Unboxed
Samsung Galaxy Xcover S5690,87.02399999999999,Grey,Grade A,Working,Unboxed
Samsung Galaxy Xcover S5690,75.264,Grey,Grade B,Working,Unboxed
Samsung Galaxy Xcover S5690,63.504,Grey,Grade C,Working,Unboxed
Samsung Galaxy Xcover S5690,56.448,Orange,Grade B,Minor Fault,Unboxed
Samsung Galaxy Y Duos S6102,105.84,White,Grade A+,Working,Unboxed
Samsung Galaxy Y S5360,51.74399999999999,Pink,Grade B,Working,Unboxed
Samsung Galaxy Y S5360,51.74399999999999,Black,Grade B,Working,Unboxed
Samsung Galaxy Young S6310,70.55999999999999,Blue,Grade B,Working,Unboxed
Samsung Galaxy Young S6310,70.55999999999999,White,Grade B,Working,Unboxed
Samsung Galaxy Young S6310,58.8,White,Grade C,Working,Unboxed
Samsung Google Nexus S I9023,70.55999999999999,Black,Grade B,Working,Unboxed
Samsung i780,35.279999999999994,Black,Grade C,Working,Unboxed
Samsung M310,35.279999999999994,Grey,Grade B,Working,Unboxed
Samsung Nexus S GT-i9020,58.8,Black,Grade C,Working,Unboxed
Samsung Omnia 7,51.74399999999999,Brown,Grade B,Working,Unboxed
Samsung Omnia 7,42.336,Black,Grade C,Working,Unboxed
Samsung Omnia i900,79.968,Black,Grade A+,Working,Boxed
Samsung Omnia W i8350,61.152,Black,Grade B,Working,Unboxed
Samsung Omnia W i8350,44.688,Black,Grade C,Working,Unboxed
Samsung Preston S5600,35.279999999999994,Pink,Grade C,Working,Unboxed
Samsung Preston S5600,35.279999999999994,White,Grade C,Working,Unboxed
Samsung S3370,70.55999999999999,Black,Grade A+,Working,Unboxed
Samsung S5610,47.04,Silver,Grade C,Working,Unboxed
Samsung S5610,47.04,Black,Grade C,Working,Unboxed
Samsung S5610,47.04,Grey,Grade C,Working,Unboxed
Samsung S5611,131.712,White,Grade A+,Working,Boxed
Samsung Tocco Lite Star S5230,32.928,Black,Grade C,Working,Unboxed
Samsung Tocco Lite Star S5230,32.928,White,Grade C,Working,Unboxed
Samsung Wave S8500,44.688,Brown,Grade C,Working,Unboxed
Samsung X160,30.576,Black,Grade C,Working,Unboxed
Samsung X510,30.576,Red,Grade C,Working,Unboxed
Samsung X520,30.576,Pink,Grade C,Working,Unboxed
Samsung X680,37.632,Red,Grade B,Working,Unboxed
Sonim XP 7,352.8,Black,Grade B,Working,Unboxed
Sonim XP3 Enduro,82.32,Black,Grade C,Working,Unboxed
Sony Ericsson Aino,32.928,Black,Grade C,Working,Unboxed
Sony Ericsson C702,32.928,Black,Grade C,Working,Unboxed
Sony Ericsson C901,32.928,Silver,Grade C,Working,Unboxed
Sony Ericsson C901,32.928,Black,Grade C,Working,Unboxed
Sony Ericsson C901,42.336,White,Grade B,Working,Unboxed
Sony Ericsson C901,32.928,White,Grade C,Working,Unboxed
Sony Ericsson C902i,32.928,Black,Grade C,Working,Unboxed
Sony Ericsson Cedar,37.632,Silver,Grade B,Working,Unboxed
Sony Ericsson Cedar,37.632,Black,Grade B,Working,Unboxed
Sony Ericsson Cedar,37.632,Red,Grade B,Working,Unboxed
Sony Ericsson Cedar,32.928,Red,Grade C,Working,Unboxed
Sony Ericsson Cedar,37.632,Grey,Grade B,Working,Unboxed
Sony Ericsson Elm,37.632,Pink,Grade B,Working,Unboxed
Sony Ericsson Elm,32.928,Pink,Grade C,Working,Unboxed
Sony Ericsson Elm,32.928,Silver,Grade C,Working,Unboxed
Sony Ericsson Elm,37.632,Black,Grade B,Working,Unboxed
Sony Ericsson Elm,32.928,Black,Grade C,Working,Unboxed
Sony Ericsson G502,32.928,Black,Grade B,Working,Unboxed
Sony Ericsson G900,35.279999999999994,Black,Grade C,Working,Unboxed
Sony Ericsson Hazel,32.928,Silver,Grade C,Working,Unboxed
Sony Ericsson Hazel,42.336,Black,Grade B,Working,Unboxed
Sony Ericsson Hazel,32.928,Black,Grade C,Working,Unboxed
Sony Ericsson Hazel,42.336,Red,Grade B,Working,Unboxed
Sony Ericsson Hazel,32.928,Red,Grade C,Working,Unboxed
Sony Ericsson J105 Naite,35.279999999999994,Silver,Grade B,Working,Unboxed
Sony Ericsson J105 Naite,35.279999999999994,Black,Grade B,Working,Unboxed
Sony Ericsson Jalou (F100i),47.04,Blue,Grade A+,Working,Unboxed
Sony Ericsson Jalou (F100i),30.576,Purple,Grade C,Working,Unboxed
Sony Ericsson Jalou (F100i),30.576,Black,Grade C,Working,Unboxed
Sony Ericsson K220,35.279999999999994,Blue,Grade B,Working,Unboxed
Sony Ericsson K510,30.576,Black,Grade C,Working,Unboxed
Sony Ericsson K510,30.576,Grey,Grade C,Working,Unboxed
Sony Ericsson K530,37.632,Brown,Grade B,Working,Unboxed
Sony Ericsson K530,32.928,Brown,Grade C,Working,Unboxed
Sony Ericsson K530,32.928,Silver,Grade C,Working,Unboxed
Sony Ericsson K530,32.928,Copper,Grade C,Working,Unboxed
Sony Ericsson K530,32.928,Bronze,Grade C,Working,Unboxed
Sony Ericsson K530,32.928,Black,Grade C,Working,Unboxed
Sony Ericsson K530,32.928,Grey,Grade C,Working,Unboxed
Sony Ericsson K550,35.279999999999994,Black,Grade C,Working,Unboxed
Sony Ericsson K750,32.928,Black,Grade C,Working,Unboxed
Sony Ericsson K800,32.928,Black,Grade C,Working,Unboxed
Sony Ericsson K810,37.632,Blue,Grade B,Working,Unboxed
Sony Ericsson M600,32.928,Black,Grade C,Working,Unboxed
Sony Ericsson P1i,37.632,Silver,Grade B,Working,Unboxed
Sony Ericsson P990,39.984,Silver,Grade B,Working,Boxed
Sony Ericsson P990,32.928,Silver,Grade C,Working,Unboxed
Sony Ericsson S500,35.279999999999994,Copper,Grade C,Working,Unboxed
Sony Ericsson S500,35.279999999999994,Yellow,Grade C,Working,Unboxed
Sony Ericsson T700,35.279999999999994,Pink,Grade C,Working,Unboxed
Sony Ericsson T700,42.336,Silver,Grade B,Working,Unboxed
Sony Ericsson VIVAZ,39.984,Black,Grade B,Working,Unboxed
Sony Ericsson VIVAZ,32.928,Black,Grade C,Working,Unboxed
Sony Ericsson W302,35.279999999999994,Black,Grade B,Working,Unboxed
Sony Ericsson W302,30.576,Black,Grade C,Working,Unboxed
Sony Ericsson W508,35.279999999999994,Grey,Grade B,Working,Unboxed
Sony Ericsson W508,35.279999999999994,White,Grade B,Working,Unboxed
Sony Ericsson W508,35.279999999999994,Orange,Grade B,Working,Unboxed
Sony Ericsson W595,35.279999999999994,Blue,Grade C,Working,Unboxed
Sony Ericsson W595,35.279999999999994,White,Grade C,Working,Unboxed
Sony Ericsson W705,32.928,Silver,Grade C,Working,Unboxed
Sony Ericsson W760,32.928,Red,Grade C,Working,Unboxed
Sony Ericsson W890,32.928,Brown,Grade C,Working,Unboxed
Sony Ericsson W890,32.928,White,Grade C,Working,Unboxed
Sony Ericsson W995,47.04,Red,Grade C,Working,Unboxed
Sony Ericsson Xperia Active,65.856,Black,Grade A+,Working,Unboxed
Sony Ericsson Xperia Active,61.152,Black,Grade A,Working,Boxed
Sony Ericsson Xperia Active,35.279999999999994,Black,Grade B,Minor Fault,Unboxed
Sony Ericsson Xperia Active,30.576,Black,Grade C,Minor Fault,Unboxed
Sony Ericsson Xperia Active,30.576,White,Grade C,Minor Fault,Unboxed
Sony Ericsson Xperia Arc,23.52,Black,Grade B,Working,Unboxed
Sony Ericsson Xperia Arc,65.856,Black,Grade C,Working,Unboxed
Sony Ericsson Xperia Arc S,72.91199999999999,Black,Grade B,Working,Unboxed
Sony Ericsson Xperia Arc S,58.8,Black,Grade C,Working,Unboxed
Sony Ericsson Xperia Mini,42.336,Black,Grade B,Working,Unboxed
Sony Ericsson Xperia Mini,35.279999999999994,Black,Grade B,Minor Fault,Unboxed
Sony Ericsson Xperia Mini Pro,47.04,Black,Grade B,Working,Unboxed
Sony Ericsson Xperia Mini Pro,47.04,White,Grade B,Working,Unboxed
Sony Ericsson Xperia Neo,51.74399999999999,Black,Grade C,Working,Unboxed
Sony Ericsson Xperia Neo V,61.152,Blue,Grade B,Working,Unboxed
Sony Ericsson Xperia Neo V,47.04,Black,Grade C,Working,Unboxed
Sony Ericsson Xperia Pro,63.504,Black,Grade B,Working,Unboxed
Sony Ericsson Xperia X1,35.279999999999994,Black,Grade C,Working,Unboxed
Sony Ericsson Xperia X10,63.504,Black,Grade B,Working,Unboxed
Sony Ericsson Xperia X10,54.096,Black,Grade C,Working,Unboxed
Sony Ericsson Xperia X10,54.096,White,Grade C,Working,Unboxed
Sony Ericsson Xperia X10 Mini,47.04,Black,Grade B,Working,Unboxed
Sony Ericsson Xperia X10 Mini,35.279999999999994,Black,Grade C,Working,Unboxed
Sony Ericsson Xperia X10 Mini Pro,35.279999999999994,Black,Grade C,Working,Unboxed
Sony Ericsson Xperia X10 Mini Pro,49.391999999999996,Red,Grade B,Working,Boxed
Sony Ericsson Xperia X8,58.8,Black,Grade A,Working,Unboxed
Sony Ericsson Xperia X8,35.279999999999994,Black,Grade C,Working,Unboxed
Sony Ericsson Xperia X8,70.55999999999999,Red,Grade A+,Working,Unboxed
Sony Ericsson Xperia X8,47.04,White,Grade B,Working,Unboxed
Sony Ericsson Xperia X8,35.279999999999994,White,Grade C,Working,Unboxed
Sony Ericsson Z310,44.688,Pink,Grade A,Working,Unboxed
Sony Ericsson Z520,30.576,White,Grade C,Working,Unboxed
Sony Ericsson Zylo,32.928,Black,Grade C,Working,Unboxed
Sony Xperia E3,136.416,Lime,Brand New,Working,Boxed
Sony Xperia E3,124.65599999999999,Black,Grade A+,Working,Boxed
Sony Xperia E5,152.88,Black,Grade A,Working,Unboxed
Sony Xperia Go,58.8,Black,Grade B,Working,Unboxed
Sony Xperia L,101.136,Purple,Grade B,Working,Unboxed
Sony Xperia L,101.136,Black,Grade B,Working,Unboxed
Sony Xperia L,101.136,Red,Grade B,Working,Unboxed
Sony Xperia M,129.35999999999999,Purple,Grade A+,Working,Boxed
Sony Xperia M2,152.88,Black,Grade A+,Working,Boxed
Sony Xperia M2,141.11999999999998,Black,Grade A,Working,Boxed
Sony Xperia M2 Aqua,164.64,White,Grade A+,Working,Boxed
Sony Xperia M4 Aqua,235.2,Pink,Brand New,Working,Boxed
Sony Xperia M4 Aqua,206.97599999999997,Pink,Grade A+,Working,Boxed
Sony Xperia M4 Aqua,176.4,Pink,Grade A,Working,Boxed
Sony Xperia M4 Aqua,235.2,Black,Brand New,Working,Boxed
Sony Xperia M4 Aqua,199.92,Black,Swap,Working,Unboxed
Sony Xperia M4 Aqua,183.456,Black,Grade A+,Working,Unboxed
Sony Xperia M4 Aqua Dual Sim,218.736,Black,Grade A+,Working,Boxed
Sony Xperia M5,258.71999999999997,Gold,Brand New,Working,Boxed
Sony Xperia Sola,39.984,Black,Grade C,Working,Unboxed
Sony Xperia T3,206.97599999999997,Purple,Grade A,Working,Boxed
Sony Xperia Tipo,58.8,Black,Grade B,Working,Unboxed
Sony Xperia V,117.6,White,Grade A+,Working,Unboxed
Sony Xperia X 32GB,376.32,Lime,Brand New,Working,Boxed
Sony Xperia X 32GB,305.76,Lime,Grade A+,Working,Unboxed
Sony Xperia X 32GB,282.23999999999995,Lime,Grade A,Working,Boxed
Sony Xperia X 32GB,246.95999999999998,Lime,Grade A,Working,Unboxed
Sony Xperia X 32GB,246.95999999999998,Lime,Grade B,Working,Boxed
Sony Xperia X Compact,446.87999999999994,Blue,Brand New,Working,Boxed
Sony Xperia X Compact,211.68,Blue,Grade C,Working,Unboxed
Sony Xperia X Compact,446.87999999999994,Black,Brand New,Working,Boxed
Sony Xperia X Compact,294.0,Black,Grade B,Working,Boxed
Sony Xperia X Compact,294.0,White,Grade B,Working,Boxed
Sony Xperia X Performance,329.28,Rose Gold,Grade B,Working,Boxed
Sony Xperia X Performance,294.0,Rose Gold,Grade B,Working,Unboxed
Sony Xperia X Performance,223.43999999999997,Rose Gold,Grade C,Working,Unboxed
Sony Xperia X Performance,517.4399999999999,Lime,Brand New,Working,Boxed
Sony Xperia X Performance,341.03999999999996,Lime,Grade A,Working,Unboxed
Sony Xperia X Performance,294.0,Lime,Grade B,Working,Unboxed
Sony Xperia X Performance,258.71999999999997,Black,Grade C+,Working,Unboxed
Sony Xperia X Performance,470.4,Black,Grade A+,Working,Boxed
Sony Xperia X Performance,376.32,Black,Grade A,Working,Boxed
Sony Xperia X Performance,341.03999999999996,Black,Grade A,Working,Unboxed
Sony Xperia X Performance,329.28,Black,Grade B,Working,Boxed
Sony Xperia X Performance,341.03999999999996,White,Grade A,Working,Unboxed
Sony Xperia X Performance,329.28,White,Grade B,Working,Boxed
Sony Xperia X Performance,294.0,White,Grade B,Working,Unboxed
Sony Xperia XA1,246.95999999999998,White,Grade A,Working,Unboxed
Sony Xperia XA1 Dual,270.48,Gold,Grade B,Working,Boxed
Sony Xperia XA2,470.4,Black,Grade A,Working,Boxed
Sony Xperia XA2 Dual,517.4399999999999,Black,Grade A+,Working,Boxed
Sony Xperia XZ 32GB,493.91999999999996,Blue,Grade A+,Working,Boxed
Sony Xperia XZ 32GB,446.87999999999994,Blue,Grade A,Working,Boxed
Sony Xperia XZ 32GB,411.59999999999997,Blue,Grade A,Working,Unboxed
Sony Xperia XZ 32GB,399.84,Blue,Grade B,Working,Boxed
Sony Xperia XZ 32GB,364.56,Blue,Grade B,Working,Unboxed
Sony Xperia XZ 32GB,399.84,Purple,Grade B,Working,Boxed
Sony Xperia XZ 32GB,411.59999999999997,Silver,Grade A,Working,Unboxed
Sony Xperia XZ 32GB,399.84,Silver,Grade B,Working,Boxed
Sony Xperia XZ 32GB,364.56,Silver,Grade B,Working,Unboxed
Sony Xperia XZ 32GB,411.59999999999997,Black,Grade A,Working,Unboxed
Sony Xperia XZ 32GB,399.84,Black,Grade B,Working,Boxed
Sony Xperia XZ 32GB,364.56,Black,Grade B,Working,Unboxed
Sony Xperia XZ Premium 64GB,764.4,Pink,Grade A+,Working,Boxed
Sony Xperia XZ Premium 64GB,740.88,Pink,Grade A,Working,Boxed
Sony Xperia XZ Premium 64GB,811.4399999999999,Silver,Brand New,Working,Boxed
Sony Xperia XZ Premium 64GB,611.52,Silver,Grade C+,Working,Unboxed
Sony Xperia XZ Premium 64GB,764.4,Silver,Grade A+,Working,Boxed
Sony Xperia XZ Premium 64GB,729.12,Silver,Grade A+,Working,Unboxed
Sony Xperia XZ Premium 64GB,740.88,Silver,Grade A,Working,Boxed
Sony Xperia XZ Premium 64GB,705.6,Silver,Grade A,Working,Unboxed
Sony Xperia XZ Premium 64GB,682.0799999999999,Silver,Grade B,Working,Boxed
Sony Xperia XZ Premium 64GB,646.8,Silver,Grade B,Working,Unboxed
Sony Xperia XZ Premium 64GB,611.52,Black,Grade C+,Working,Unboxed
Sony Xperia XZ Premium 64GB,764.4,Black,Grade A+,Working,Boxed
Sony Xperia XZ Premium 64GB,729.12,Black,Grade A+,Working,Unboxed
Sony Xperia XZ Premium 64GB,740.88,Black,Grade A,Working,Boxed
Sony Xperia XZ Premium 64GB,682.0799999999999,Black,Grade B,Working,Boxed
Sony Xperia XZ Premium 64GB,646.8,Black,Grade B,Working,Unboxed
Sony Xperia XZ1,635.0400000000001,Blue,Brand New,Working,Boxed
Sony Xperia XZ1,588.0,Silver,Grade A+,Working,Boxed
Sony Xperia XZ1,517.4399999999999,Silver,Grade A,Working,Unboxed
Sony Xperia XZ1,517.4399999999999,Silver,Grade B,Working,Boxed
Sony Xperia XZ1,423.36,Black,Grade C,Working,Unboxed
Sony Xperia XZ1 Compact,470.4,Blue,Grade C+,Working,Unboxed
Sony Xperia XZ1 Compact,576.24,Blue,Grade A,Working,Boxed
Sony Xperia XZ1 Compact,540.96,Blue,Grade B,Working,Boxed
Sony Xperia XZ1 Compact,505.67999999999995,Blue,Grade B,Working,Unboxed
Sony Xperia XZ1 Compact,670.32,Pink,Brand New,Working,Boxed
Sony Xperia XZ1 Compact,576.24,Pink,Grade A,Working,Boxed
Sony Xperia XZ1 Compact,540.96,Pink,Grade B,Working,Boxed
Sony Xperia XZ1 Compact,505.67999999999995,Pink,Grade B,Working,Unboxed
Sony Xperia XZ1 Compact,470.4,Silver,Grade C+,Working,Unboxed
Sony Xperia XZ1 Compact,576.24,Silver,Grade A,Working,Boxed
Sony Xperia XZ1 Compact,540.96,Silver,Grade B,Working,Boxed
Sony Xperia XZ1 Compact,505.67999999999995,Silver,Grade B,Working,Unboxed
Sony Xperia XZ1 Compact,576.24,Black,Grade A+,Working,Unboxed
Sony Xperia XZ1 Compact,576.24,Black,Grade A,Working,Boxed
Sony Xperia XZ1 Compact,540.96,Black,Grade A,Working,Unboxed
Sony Xperia XZ1 Compact,540.96,Black,Grade B,Working,Boxed
Sony Xperia XZ1 Compact,505.67999999999995,Black,Grade B,Working,Unboxed
Sony Xperia XZ2 Compact,964.3199999999999,Pink,Grade A+,Working,Boxed
Sony Xperia XZ2 Compact,893.7599999999999,Black,Grade B,Working,Boxed
Sony Xperia XZ2 Compact,858.4799999999999,Black,Grade B,Working,Unboxed
Sony Xperia XZ2 DS,1117.2,Black,Grade A,Working,Boxed
Sony Xperia XZ2 DS,1070.1599999999999,Black,Grade B,Working,Boxed
Sony Xperia XZ2 DS,1034.8799999999999,Black,Grade B,Working,Unboxed
Sony Xperia XZ2 DS,1152.48,Green,Grade A+,Working,Boxed
Sony Xperia XZ2 DS,1034.8799999999999,Green,Grade C,Working,Unboxed
Sony Xperia XZs 32gb,646.8,Blue,Brand New,Working,Boxed
Sony Xperia XZs 32gb,611.52,Blue,Grade A+,Working,Boxed
Sony Xperia XZs 32gb,564.4799999999999,Blue,Grade A,Working,Boxed
Sony Xperia XZs 32gb,505.67999999999995,Blue,Grade B,Working,Unboxed
Sony Xperia XZs 32gb,646.8,Black,Brand New,Working,Boxed
Sony Xperia XZs 32gb,470.4,Black,Grade C+,Working,Unboxed
Sony Xperia XZs 32gb,611.52,Black,Grade A+,Working,Boxed
Sony Xperia XZs 32gb,564.4799999999999,Black,Grade A,Working,Boxed
Sony Xperia XZs 32gb,540.96,Black,Grade A,Working,Unboxed
Sony Xperia XZs 32gb,529.1999999999999,Black,Grade B,Working,Boxed
Sony Xperia XZs 32gb,505.67999999999995,Black,Grade B,Working,Unboxed
Sony Xperia XZs 32gb,423.36,Black,Grade C,Working,Unboxed
Sony Xperia Z,176.4,White,Grade A+,Working,Boxed
Sony Xperia Z1,206.97599999999997,Purple,Grade A+,Working,Boxed
Sony Xperia Z1,164.64,White,Grade B,Working,Boxed
Sony Xperia Z2,223.43999999999997,Purple,Grade A+,Working,Boxed
Sony Xperia Z2,176.4,Black,Grade B,Working,Boxed
Sony Xperia Z2,211.68,White,Swap,Working,Unboxed
Sony Xperia Z2,199.92,White,Grade A+,Working,Unboxed
Sony Xperia Z2,176.4,White,Grade A,Working,Unboxed
Sony Xperia Z3 Compact,141.11999999999998,Black,Grade B,Minor Fault,Unboxed
Sony Xperia Z3 Compact,141.11999999999998,Black,Grade B,Minor Fault,Unboxed
Sony Xperia Z3 Compact,152.88,Black,Grade C,Working,Unboxed
Sony Xperia Z3 Compact,117.6,Black,Grade C,Minor Fault,Unboxed
Sony Xperia Z3 Compact,117.6,Black,Grade C,Minor Fault,Unboxed
Sony Xperia Z3 Compact,164.64,White,Grade C+,Working,Unboxed
Sony Xperia Z3 Compact,141.11999999999998,White,Grade B,Minor Fault,Unboxed
Sony Xperia Z3 Compact,152.88,White,Grade C,Working,Unboxed
Sony Xperia Z3 Compact,223.43999999999997,Orange,Grade A+,Working,Unboxed
Sony Xperia Z3 Compact,199.92,Orange,Grade B,Working,Boxed
Sony Xperia Z3 Compact,176.4,Orange,Grade B,Working,Unboxed
Sony Xperia Z3+,329.28,Copper,Brand New,Working,Boxed
Sony Xperia Z3+,270.48,Copper,Grade A+,Working,Unboxed
Sony Xperia Z3+,270.48,Copper,Grade A,Working,Boxed
Sony Xperia Z3+,246.95999999999998,Copper,Grade A,Working,Unboxed
Sony Xperia Z3+,246.95999999999998,Copper,Grade B,Working,Boxed
Sony Xperia Z3+,223.43999999999997,Copper,Grade B,Working,Unboxed
Sony Xperia Z3+,199.92,Black,Grade C+,Working,Unboxed
Sony Xperia Z3+,270.48,Black,Grade A,Working,Boxed
Sony Xperia Z3+,246.95999999999998,Black,Grade A,Working,Unboxed
Sony Xperia Z3+,246.95999999999998,Black,Grade B,Working,Boxed
Sony Xperia Z3+,223.43999999999997,Black,Grade B,Working,Unboxed
Sony Xperia Z3+,329.28,White,Brand New,Working,Boxed
Sony Xperia Z3+,270.48,White,Grade A+,Working,Unboxed
Sony Xperia Z3+,270.48,White,Grade A,Working,Boxed
Sony Xperia Z3+,246.95999999999998,White,Grade A,Working,Unboxed
Sony Xperia Z3+,223.43999999999997,White,Grade B,Working,Unboxed
Sony Xperia Z3+,329.28,Green,Brand New,Working,Boxed
Sony Xperia Z3+,270.48,Green,Grade A+,Working,Unboxed
Sony Xperia Z3+,289.296,Green,Grade A+,Working,Boxed UK
Sony Xperia Z3+,270.48,Green,Grade A,Working,Boxed
Sony Xperia Z3+,246.95999999999998,Green,Grade A,Working,Unboxed
Sony Xperia Z3+,246.95999999999998,Green,Grade B,Working,Boxed
Sony Xperia Z3+,223.43999999999997,Green,Grade B,Working,Unboxed
Sony Xperia Z5,294.0,Black,Grade A,Working,Unboxed
Sony Xperia Z5,258.71999999999997,Black,Grade B,Working,Unboxed
Sony Xperia Z5,294.0,White,Grade B,Working,Boxed
Sony Xperia Z5,258.71999999999997,White,Grade B,Working,Unboxed
Sony Xperia Z5,329.28,Gold,Grade A+,Working,Unboxed
Sony Xperia Z5,329.28,Green,Grade A+,Working,Unboxed
Sony Xperia Z5,294.0,Green,Grade A,Working,Unboxed
Sony Xperia Z5 Compact,211.68,Pink,Grade C+,Working,Unboxed
Sony Xperia Z5 Compact,341.03999999999996,Pink,Grade A+,Working,Unboxed
Sony Xperia Z5 Compact,246.95999999999998,Pink,Grade B,Working,Unboxed
Sony Xperia Z5 Compact,211.68,Black,Grade C+,Working,Unboxed
Sony Xperia Z5 Compact,317.52000000000004,Black,Grade A,Working,Boxed
Sony Xperia Z5 Compact,270.48,Black,Grade B,Working,Boxed
Sony Xperia Z5 Compact,246.95999999999998,Black,Grade B,Working,Unboxed
Sony Xperia Z5 Compact,376.32,Yellow,Grade A+,Working,Boxed
Sony Xperia Z5 Compact,423.36,White,Brand New,Working,Boxed
Sony Xperia Z5 Compact,211.68,White,Grade C+,Working,Unboxed
Sony Xperia Z5 Compact,376.32,White,Grade A+,Working,Boxed
Sony Xperia Z5 Compact,246.95999999999998,White,Grade B,Working,Unboxed
Sony Xperia Z5 Dual,352.8,Black,Grade A+,Working,Unboxed
Sony Xperia Z5 Premium,282.23999999999995,Silver,Grade C+,Working,Unboxed
Sony Xperia Z5 Premium,458.64,Silver,Grade A+,Working,Unboxed
Sony Xperia Z5 Premium,246.95999999999998,Silver,Grade A,Minor Fault,Unboxed
Sony Xperia Z5 Premium,329.28,Silver,Grade B,Working,Unboxed
Sony Xperia Z5 Premium,282.23999999999995,Black,Grade C+,Working,Unboxed
Sony Xperia Z5 Premium,411.59999999999997,Black,Grade A,Working,Boxed
Sony Xperia Z5 Premium,364.56,Black,Grade B,Working,Boxed
Sony Xperia Z5 Premium,329.28,Black,Grade B,Working,Unboxed
Sony Xperia Z5 Premium,282.23999999999995,Gold,Grade C+,Working,Unboxed
Sony Xperia Z5 Premium,23.52,Gold,Grade A,Minor Fault,Boxed
Sony Xperia Z5 Premium,364.56,Gold,Grade B,Working,Boxed
Sony Xperia Z5 Premium,329.28,Gold,Grade B,Working,Unboxed
Sony Xperia ZR,117.6,Black,Grade C,Working,Unboxed
Swiss One CS1330,32.928,Black,Grade B,Working,Unboxed
Swiss One SC1230,32.928,Black,Grade B,Working,Unboxed
Telme F210,32.928,Black,Grade B,Working,Unboxed
Telme F210,35.279999999999994,Red,Grade B,Working,Boxed
Telme F210,35.279999999999994,White,Grade B,Working,Boxed
Telme F210,30.576,White,Grade C,Working,Unboxed
Telme TS100,42.336,Black,Grade A+,Working,Boxed
Telme TS100,39.984,Black,Grade A,Working,Boxed
Vodafone Smart Mini 7 VFD 300,61.152,Black,Grade A,Working,Unboxed
Vodafone Smart Speed 6 VF795,84.672,Silver,Grade A,Working,Unboxed
ZTE Axon 7,352.8,Silver,Grade B,Working,Unboxed
ZTE Axon 7,493.91999999999996,Gold,Grade A+,Working,Boxed
ZTE Axon 7,352.8,Gold,Grade B,Working,Unboxed
ZTE Axon Elite,423.36,Gold,Grade A+,Working,Boxed
ZTE Axon Elite,376.32,Gold,Grade A,Working,Boxed
ZTE Blade,39.984,Black,Grade B,Working,Unboxed
ZTE Blade,35.279999999999994,Black,Grade C,Working,Unboxed
ZTE Blade Apex 2,117.6,Black,Grade A+,Working,Boxed
ZTE Blade G,23.52,Black,Grade C,Working,Unboxed
ZTE Blade S6,235.2,Silver,Grade A+,Working,Boxed
ZTE Blade S6,164.64,Silver,Grade B,Working,Unboxed
ZTE Blade V7 Lite,152.88,White,Grade A,Working,Unboxed
ZTE Blade Vec 4G,129.35999999999999,Black,Grade A+,Working,Boxed
ZTE Blade X3,176.4,Black,Grade A+,Working,Boxed
ZTE F320,65.856,Black,Grade A+,Working,Boxed
ZTE F320,58.8,Black,Grade A+,Working,Unboxed
ZTE F320,61.152,Black,Grade A,Working,Boxed
ZTE F320,56.448,Black,Grade A,Working,Unboxed
ZTE F320,49.391999999999996,Black,Grade B,Working,Unboxed
ZTE F320,39.984,Black,Grade C,Working,Unboxed
ZTE Skate,47.04,Black,Grade B,Working,Unboxed

